Title,Publication Type,Publication Date,Abstract,Full Text URL,Paper ID,Corpus ID,DOI,Is Open Access,Open Access PDF
"Glucose tolerance, insulin sensitivity, and insulin secretion in children born small for gestational age.",JournalArticle,2002-10-01,"Intrauterine growth retardation is associated with an increased risk of developing adult diseases, such as noninsulin-dependent diabetes mellitus (NIDDM). NIDDM could result from a decreased insulin sensitivity or a reduced insulin secretion or a combination of both. Glucose tolerance, insulin sensitivity, and insulin secretion were studied in prepubertal children born small for gestational age (SGA). Twenty-nine SGA children with a mean age of 9.1 +/- 1.1 yr and 24 children born appropriate for gestational age (AGA), with a mean age of 9.0 +/- 1.1 yr, were studied. All children were born at term and were prepubertal. Children were studied on two separate days after 12 h of overnight fasting. Day 1: Glucose tolerance was studied with an oral glucose tolerance test. AUC(ins0-120 min)/AUC(gluc0-120 min) was used to estimate beta-cell function in the two groups. Day 2: A hyperinsulinemic euglycemic clamp study was performed to determine insulin sensitivity (M-value). Glucose tolerance and beta-cell function were not different between the two groups. M-value in SGA children was significantly lower than M-value in AGA children: 12.9 +/- 4.0 mg/kg.min vs. 15.6 +/- 2.3 mg/kg.min [P = 0.009; after adjustment for appropriate gestational age body mass index (BMI), P = 0.001]. The M-value tended to be higher in SGA children without catch-up growth compared with SGA children with catch-up growth (15.8 +/- 4.3 vs. 12.3 +/- 3.8 mg/kg.min; P = 0.079) and was comparable to AGA controls (15.6 +/- 2.3 mg/kg.min). The M-value in SGA children who had shown catch-up growth was comparable to AGA children (13.4 +/- 3.4 vs. 15.6 +/- 2.3 mg/kg.min; P = 0.06), provided they had a BMI of 17 kg/m(2) or less. However, the SGA children with catch-up growth and a BMI greater than 17 kg/m(2) were those having the lowest M-values (9.3 +/- 3.4 mg/kg.min). In conclusion, during oral glucose tolerance tests, no differences were found in glucose tolerance and beta-cell function between the SGA and AGA groups. However, the hyperinsulinemic clamp showed a reduced insulin sensitivity in SGA children, which may contribute to the enhanced risk of developing NIDDM in adult life, especially in SGA children with catch-up growth and a high BMI. The implications of our findings in relation to height are unclear, but might be of potential importance when considering GH treatment. In addition, interventions to improve fetal growth and to control obesity in childhood seem to be important factors in the prevention of NIDDM.",https://www.semanticscholar.org/paper/02ed3ef6db845d8e294b488247af7f84ace9019f,02ed3ef6db845d8e294b488247af7f84ace9019f,11819727,10.1210/JC.2001-011940,True,https://academic.oup.com/jcem/article-pdf/87/10/4657/9156046/jcem4657.pdf
Risk factors for type 2 diabetes mellitus.,"Review, JournalArticle",,"Genetic, environmental, and metabolic risk factors are interrelated and contribute to the development of type 2 diabetes mellitus. A strong family history of diabetes mellitus, age, obesity, and physical inactivity identify those individuals at highest risk. Minority populations are also at higher risk, not only because of family history and genetics, but also because of adaptation to American environmental influences of poor dietary and exercise habits. Women with a history of gestational diabetes as well as their children are at greater risk for progressing to type 2 diabetes mellitus. Insulin resistance increases a person's risk for developing impaired glucose tolerance and type 2 diabetes. Individuals who have insulin resistance share many of the same risk factors as those with type 2 diabetes. These include hyperinsulinemia, atherogenic dyslipidemia, glucose intolerance, hypertension, prothrombic state, hyperuricemia, and polycystic ovary syndrome. Current interventions for the prevention and retardation of type 2 diabetes mellitus are those targeted towards modifying environmental risk factors such as reducing obesity and promoting physical activity. Awareness of risk factors for developing type 2 diabetes will promote screening, early detection, and treatment in high-risk populations with the goal of decreasing both microvascular and macrovascular complications.",https://www.semanticscholar.org/paper/0ffcbee554305ec82e736d8f44114daff8c51143,0ffcbee554305ec82e736d8f44114daff8c51143,31879716,10.1097/00005082-200201000-00003,False,N/A
Gestational diabetes mellitus: a call for systematic tracing.,JournalArticle,2002-05-01,"INTRODUCTION
Women with history of gestational diabetes mellitus (GDM) have up to 50% lifetime risk of developing frank diabetes mellitus (DM). They are an ideal group of patients to implement early interventional measures to halt the progression to diabetes. The success of any early intervention programme would depend largely on postpartum follow-up. We set out to study the response rate to postpartum oral glucose tolerance test (OGTT) and to profile the non-responders on 105 women who attended our Gestational Diabetes Joint Clinic (GDJC).


MATERIALS AND METHODS
We divided these women into 3 groups according to their response to postpartum OGTT and compared their weights, glycaemic parameters and other clinical characteristics during gestation. Group A comprised non-responders or those who did not turn up for postpartum OGTT; group B comprised responders with a normal postpartum OGTT; and group C comprised responders with an abnormal postpartum OGTT defined as 2-hour plasma glucose equal or more than 7.8 mmol/L.


RESULTS
The non-respondent rate to postpartum diabetes screening was 37.1%. The non-responders were found to be significantly heavier, with more severe hyperglycaemia during their pregnancy (in terms of glycosylated haemoglobin and results of antepartum OGTT) and had bigger babies compared to the responders with normal postpartum OGTT. Their features instead resembled those who had failed their postpartum OGTT.


CONCLUSION
The group of non-responders was probably at similar risk of developing glucose intolerance postpartum as those who were tested abnormal. A more effective call and recall system and education programme is, therefore, needed to ensure postpartum attendance of all patients with GDM.",https://www.semanticscholar.org/paper/1f55ea2b3571d7a286f1a6b14d6ef6f0cb6ca5a5,1f55ea2b3571d7a286f1a6b14d6ef6f0cb6ca5a5,2859255,N/A,False,N/A
Obstetric risk factors for failure to progress in the first versus the second stage of labor,"JournalArticle, Study",2002-01-01,"Objective: To compare obstetric risk factors for failure of labor to progress in the first versus the second stage. Study design: A comparison was performed of all singleton, vertex and term deliveries with an unscarred uterus, complicated with non-progressive labor during the first and the second stages. Deliveries occurred between the years 1988 and 1999 in a tertiary university medical center. Results: Patients with non-progressive labor in the first stage (n = 1197) were significantly older, of higher birth order, and were more likely to have complications such as gestational diabetes, hypertensive disorders, premature rupture of membranes, meconium-stained amniotic fluid, hydramnios and oligohydramnios (p < 0.001 for all variables) as compared to patients with non-progressive labor in the second stage (n = 1545). In addition, pregnancies complicated with non-progressive labor in the first stage had a significantly higher rate of fetal macrosomia as compared to patients with non-progressive labor in the second stage (11.6% vs. 8.8%; p < 0.001). Conclusions: Higher rates of fetal macrosomia and high-risk pregnancies were noted among pregnancies complicated with non-progressive labor during the first vs. the second stage. The significant increase in Cesarean deliveries during the first stage of labor among high-risk pregnancies might reflect exaggerated concern of caregivers. This concern may influence an overall conservative attitude leading to the seemingly simpler mode of direct intervention by Cesarean delivery.",https://www.semanticscholar.org/paper/2a7acaecf6ff168f63ee4b3843ef327906b9ca5e,2a7acaecf6ff168f63ee4b3843ef327906b9ca5e,21897313,10.1080/jmf.11.6.409.413,False,N/A
The principles of dietary management of gestational diabetes: reflection on current evidence.,"Review, JournalArticle",2002-04-01,"BACKGROUND
Gestational diabetes (GDM) is the commonest metabolic disorder of pregnancy. Most women with GDM are treated with nutritional management alone. There are conflicting guidelines surrounding its dietary management and this has resulted in a lack of conformity to the dietary advice currently prescribed. There is also conflicting opinions to the effectiveness of dietary management of GDM on pregnancy outcomes. The aim of this review was to examine the scientific evidence for the optimal nutritional management of GDM.


METHODS
A Medline search of all English papers published between 1995 and 2001 that cross-referenced GDM with diet was under taken. Because of the poor quality of many of these papers, literature prior to 1995 known to the authors and considered relevant to the review were also included.


RESULTS
The evidence base in this area is of poor quality. One systematic review based on randomized control trials failed to show any benefit from dietary intervention in GDM. However, that review did not include informative clinical and observational studies that are not classified as randomized controlled trials. Overall current evidence points to the effectiveness of dietary advice as a means of improving maternal hyperglycaemia and reducing the risk of accelerated foetal growth. The evidence surrounding energy restriction, carbohydrate and fat manipulation in GDM remains controversial.


CONCLUSIONS
Current but limited evidence supports dietary alterations to reduce rates of accelerated foetal growth. There is a clear need for good quality randomized control trials in this area.",https://www.semanticscholar.org/paper/5598a608edadfc854de4530add33d7d7853282f6,5598a608edadfc854de4530add33d7d7853282f6,6807191,10.1046/J.1365-277X.2002.00344.X,False,N/A
Is the BPD epidemic diminishing?,JournalArticle,2002-12-01,"In a previous study of very low birth weight neonates, < or = 1500 g, admitted to the Vanderbilt University Neonatal Intensive Care Unit (NICU) from 1976-1990, improvements in survival were accompanied by a corresponding increase in the incidence of bronchopulmonary dysplasia (BPD). Since then, certain neonatal and perinatal interventions have been introduced and may influence neonatal outcomes. In this study, we have continued the analysis of the incidence of 3 outcomes: 1) Neonatal death (NEOD), 2) BPD, and 3) NEOD or BPD (NEOD/BPD) for an additional 7 years, 1991-1997. A retrospective study was performed of 3,837 patients with birth weight < or = 1500 g and admitted to the Vanderbilt NICU within 24 hours of birth from 1976 through 1997. The outcomes NEOD, BPD, or NEOD/BPD were modeled by using multiple logistic regression with the following risk factors included as covariates: birth weight, gestational age, Apgar scores at 1 and 5 minutes, gender, race, birth location, diagnosis of hyaline membrane disease, maternal age, maternal diabetes, delivery method, multiple births, duration of ruptured membranes, and biologically relevant interactions among these covariates. To assess time trends in the risk factors and outcomes, patients were divided into time periods (1 = 1976-80, 2 = 1981-85, 3 = 1986-90, 4 = 1991-95, and 5 = 1996-97). For each outcome, only covariates or interactions among covariates found to be significant were retained in the final model. Adjusted odds ratios and 95% confidence intervals were calculated to measure the risk associated with a given time period in comparison to the preceding period. There was a progressive decline in NEOD across all time periods. The previously described increase in BPD from period 1 through period 3 is followed by a decrease in periods 4 and 5. The risk of NEOD/BPD remained fairly constant from period 1 to period 3, but then showed a significant decrease over the two most recent periods. Prior to 1991, the cost of improved survival among very low birth weight infants in this large NICU was an increased incidence of BPD. Since 1991, the risk of BPD has been decreasing even though survival continues to improve. If these findings are also representative of other NICUs, they signify an important reduction in the impact of BPD as one of the costly sequelae of prematurity.",https://www.semanticscholar.org/paper/73aeb1db864cee5c6808906305bb94bb6907a9d8,73aeb1db864cee5c6808906305bb94bb6907a9d8,72459165,10.1053/SPER.2002.37147,False,N/A
Late-onset fetal cardiac decelerations associated with fetal breathing movements,JournalArticle,2002-01-01,"Background: While late decelerations are regarded as signs of fetal hypoxemia, fetal breathing movements (FBM) associated with late decelerations invariably have normal outcomes. Could late decelerations sometimes represent FBM? Materials and methods: Six patients between 37 and 42 weeks' gestation with 'late decelerations' associated with FBM (by ultrasound or tocodynamometer) during ante- or intrapartum monitoring were evaluated. Three were at high risk (diabetes, postdates, intrauterine growth restriction) and three were at low-risk. Results: 'Late decelerations' arose in previously reassuring tracings. Oxygen or positional change had no effect. The decelerations were variable in length and shallow, and contained increased variability. Normal baseline rate and variability were maintained after the deceleration. Neonatal outcomes were normal. Conclusion: 'Late decelerations' as described are associated with normal outcome and may represent FBM. This understanding may reduce unnecessary interventions.",https://www.semanticscholar.org/paper/7e53ef6593a78f4a406b47af1084cf4976610d65,7e53ef6593a78f4a406b47af1084cf4976610d65,25320911,10.1080/jmf.12.4.253.259,False,N/A
Hyperinsulinemia in Pre- and Post-Pubertal Children Born Small for Gestational Age,JournalArticle,2002-03-14,"Background: Reduced fetal growth is a potential risk factor for development of metabolic abnormalities in later life. The relationship between low birthweight and impaired glucose tolerance, type 2 diabetes and insulin resistance in adulthood has been well documented. Purpose: Assuming that fetal undernutrition is associated with insulin resistance in middle age, we elected to study whether this process may already be present in young adults andadolescents born small for gestational age (SGA). Subjects and Methods: Children born in Vall d’Hebron Hospital Infantil, Barcelona, between 1986 and 1989 and between 1978 and 1983 with birthweights below the third centile for the local standard values, were invited to participate in the present study. Of those, 51 (22 girls and 29 boys) were pre-pubertal with 9.4 ± 0.2 years of age and 49 (29 girls and 20 boys ) were post-pubertal, with 17.3 ± 0.3 years of age. All patients underwent a standard, 2-hour oral glucose tolerance test. Insulin and glucose responses were compared with our previously published data in control children with normal birthweight. Results: The insulin response at 30 min after glucose load was significantly higher (p < 0.001) in pre- and post-pubertal girls and boys formerly SGA than in controls. In addition, the girls also had a higher insulin response at 60 and 120 min. Mean serum insulin (MSI), the area under the insulin curve during the glucose challenge, was statistically increased in pre- and post-pubertal boys and girls born SGA when compared to controls. Conclusion: The presence of high insulin levels after an oral glucose challenge in children and adolescents born SGA might be considered as an early marker of subsequent insulin resistance in adulthood. Furthermore, our population offers the opportunity to study the natural course of hyperinsulinemia and its outcome. Follow-up of this cohort may be helpful in distinguishing a subset of young children and adolescents in whom therapeutic intervention could be done.",https://www.semanticscholar.org/paper/8d2f1ed14ebe54553e058067ee1dd2985eca6f28,8d2f1ed14ebe54553e058067ee1dd2985eca6f28,22267335,10.1159/000048110,False,N/A
Fetal surveillance in pregnancy complicated by diabetes mellitus: is it necessary?,"Review, JournalArticle",2002-01-01,"This article provides a literature review and opinion concerning the need for fetal surveillance in diabetic pregnancy. Low rates of intervention for suspected fetal jeopardy accompany well-controlled diabetic pregnancies in the absence of vascular disease or hypertension. The clinical utility of routine tests of fetal surveillance in uncomplicated type 1 and type 2 diabetic and gestational diabetic pregnancy has not been established. A randomized trial designed to establish whether a benefit exists to fetal testing in this population is not feasible, largely owing to sample size considerations.",https://www.semanticscholar.org/paper/9243fe2130eb37c2012cf3195855215f2db55ed5,9243fe2130eb37c2012cf3195855215f2db55ed5,28572994,10.1080/jmf.12.6.413.416,False,N/A
Management of prolonged pregnancy.,"Review, MetaAnalysis, JournalArticle",2002-03-01,"The estimated date of confinement, or due date, for normal pregnancies is calculated as 38 weeks after conception, or 40 weeks after the first day of the last normal menstrual period (assuming a “normal” 28-day menstrual cycle). Prolonged pregnancy has traditionally been defined as a pregnancy that extends 2 weeks or more beyond the estimated day of confinement, or 42 weeks. Approximately 18 percent of pregnancies in the United States extend beyond 41 weeks, and 7 percent extend beyond 42 weeks. It has long been known that pregnancies extending many weeks beyond the average length are at increased risk for adverse outcomes, both because certain fetal anomalies, such as anencephaly, are associated with prolonged pregnancy, and also because of an increased incidence of stillbirth among otherwise normal infants. The increasing availability of ultrasound has significantly improved the accuracy of pregnancy dating and detection of fetal anomalies, so that extremely long gestations are rare. However, adverse outcomes continue to be associated with prolonged gestation. In some cases, these risks appear to be due to uteroplacental insufficiency, resulting in eventual fetal hypoxia. Data from large registries show that the risk of perinatal death, especially of antepartum stillbirth, increases with advancing gestational age. If risk is calculated based on the number of ongoing pregnancies, gestational-age-specific stillbirth risk reaches a nadir at 37-38 weeks and then begins to increase slowly. Risks increase substantially after 41 weeks; however, the absolute risk is still low (between 1 and 2 per 1,000 ongoing pregnancies between 41 and 43 weeks). Other adverse outcomes associated with uteroplacental insufficiency include meconium aspiration, growth restriction, and intrapartum asphyxia. In other cases, continued growth of the fetus leads to macrosomia, increasing the risk of labor abnormalities, shoulder dystocia, and brachial plexus injuries. Potential maternal risks associated with prolonged gestation, besides the obvious emotional trauma accompanying an unexpected fetal death or serious complication, include potential increased risk of injury to the pelvic floor associated with difficult deliveries of macrosomic infants. Interventions intended to prevent adverse perinatal outcomes, such as induction of labor and cesarean section, may themselves carry iatrogenic risks, such as increased rates of infection, hemorrhage, or other complications. Several strategies currently are used in practice to prevent adverse outcomes associated with advancing gestation. Testing methods developed for reducing perinatal morbidity and mortality in women with high-risk pregnancies because of diabetes, hypertension, or other complications of pregnancy have been applied to women with pregnancies extending beyond 40 weeks. Another strategy, induction of labor at a predefined gestational age, has been proposed and evaluated as a method of reducing perinatal mortality and other adverse outcomes associated with prolonged gestation. However, because the point at which the risk of adverse outcomes outweighs the risks and costs of active interventions is uncertain, controversy remains about the optimal timing and Evidence Report/Technology Assessment Number 53",https://www.semanticscholar.org/paper/9d28eb7a1e811b2a2818392a9ce111b32a0fc73c,9d28eb7a1e811b2a2818392a9ce111b32a0fc73c,24989514,N/A,False,N/A
Will feeding mothers prevent the Asian metabolic syndrome epidemic?,JournalArticle,2002-12-01,"Evolutionary pressures have probably amplified the mechanisms for minimizing the impact of environmental factors through compensatory maternal mechanisms. Nevertheless, experimentally there are clear long-term programming effects of manipulations to the maternal diet on the likelihood of neural-tube defects associated with folate deficiency The fat/lean ratios of the newborn, and subsequent development, seem to be linked to amino acid or folate supply. An altered balance in the hypothalamic-pituitary-adrenal axis, which experimentally has profound effects on brain development, is induced by low-protein maternal diets. Such diets are linked to a reduced pancreatic capacity for insulin production and to an altered hepatic architecture, with a change in the control of glucose metabolism. Human studies suggest that what happens in pregnancy is modified by the child's diet in the first months of life. Low birthweight is linked to early stunting, and predisposes to abdominal obesity and metabolic syndrome in later life. Metabolic syndrome amplifies the risks of diabetes, hypertension, coronary heart disease and probably some cancers. Mothers with gestational diabetes are themselves prone to early type 2 diabetes and produce heavier babies prone to childhood obesity and adolescent type 2 diabetes. There is increasing evidence of an intergenerational effect, with big babies being prone to excess weight gain, which then, in girls, predisposes them to diabetes in pregnancy, which, in turn, promotes an accelerating cycle of early diabetes in subsequent generations. Essential fatty acids and fat soluble vitamins are important, but we need early interventions and monitoring systems to justify coherent policies.",https://www.semanticscholar.org/paper/b45e2d6b88579dc2783312e754754b3089ae1184,b45e2d6b88579dc2783312e754754b3089ae1184,13438589,10.1046/J.1440-6047.11.SUPP3.12.X,False,N/A
Tests of Glycemia for the Diagnosis of Type 2 Diabetes Mellitus,"Review, JournalArticle",2002-08-20,"The diagnosis of type 2 diabetes mellitus has evolved over the past 100 years as new tests of glycemia have emerged. This article covers current issues in the diagnosis of type 2 diabetes mellitus in nonpregnant adults, with particular reference to the 1997 American Diabetes Association (ADA) criteria and to the utility of using hemoglobin A1c measurement as a diagnostic tool. Importance of the Disease Diabetes is the seventh leading cause of death in the United States (1). Of approximately 15.6 million U.S. persons with diabetes (2), more than 50% report diabetes-related limitation of activities. Diabetic retinopathy and diabetic nephropathy are the leading causes of blindness and end-stage renal disease, respectively, in adults, and patients with diabetes have a twofold to fourfold increased risk for cardiovascular disease (3). The cost of diabetes in the United States was approximately $98.2 billion in 1997, comprising $44.1 billion in direct medical costs and $54.1 billion in indirect costs (4). Classification The 1997 ADA guidelines divide diabetes mellitus into clinical and pathophysiologic types (5). Type 2 diabetes (formerly called noninsulin-dependent diabetes mellitus) is characterized by insulin resistance and relatively decreased insulin secretion. It accounts for more than 90% of diabetes cases usually among obese adults older than 45 years of age. Type 1 diabetes (formerly known as insulin-dependent diabetes mellitus) usually occurs in younger people and accounts for 2% to 5% of cases. Gestational diabetes is defined by glucose intolerance on the oral glucose tolerance test (OGTT) with onset during pregnancy. Other secondary types of diabetes result from genetic defects of -cell function or insulin action, other endocrinopathies, and pancreatic destruction. Diagnosis of Diabetes and Impaired Fasting Glucose The Expert Committee on the Diagnosis and Classification of Diabetes Mellitus of the ADA revised the criteria for the diagnosis of diabetes in 1997 (5) to maximize reproducibility and to eliminate a perceived discrepancy between the cut-offs for fasting plasma glucose level and 2-hour plasma glucose level measured after an OGTT in the 1979 National Diabetes Data Group (NDDG) and 1985 World Health Organization (WHO) criteria (6, 7). The ADA's changes in threshold for fasting plasma glucose level were mirrored by the WHO in 1998 (8). Table 1 shows the revised ADA and NDDG criteria. For clinical diagnosis, the revised ADA criteria and NDDG criteria each require testing on two separate occasions, except in cases of extreme metabolic decompensation. The ADA Expert Committee explicitly recommended against the routine clinical use of the OGTT, thereby making fasting plasma glucose testing the principal tool for the diagnosis of diabetes mellitus in nonpregnant adults. In addition, the 1997 ADA guidelines defined a new category, impaired fasting glucose, as a fasting plasma glucose level of at least 6.1 mmol/L ( 110 mg/dL) and lower than 7.0 mmol/L (<126 mg/dL). This category effectively replaced impaired glucose tolerance, which was defined by results of the OGTT. Table 1. 1997 American Diabetes Association Criteria and 1979 National Diabetes Data Group Criteria for the Diagnosis of Diabetes Mellitus in Nonpregnant Adults Epidemiologic Estimates The prevalence of self-reported diagnosed diabetes (according to NDDG criteria) in the United States is 5.1% (95% CI, 4.7% to 5.6%) among adults older than 19 years of age (2). In addition, the prevalence of undiagnosed diabetes (according to 1997 ADA criteria) for U.S. persons in this age range is approximately 2.7% (2). The prevalence of diabetes mellitus has risen by 25% to 38% in the United States over the past 12 to 14 years (2, 9) and is projected to increase by 35% worldwide over the next 25 years (10). The incidence of diabetes in the United States and other industrialized countries is increasing according to some reports (11-14) but stable according to others (15-17). An additional estimated 6.9% of U.S. persons have impaired fasting glucose (2). Although not a disease per se, impaired fasting glucose strongly predicts a subsequent diagnosis of diabetes. In the absence of interventions, the cumulative incidence of diabetes among persons with this disorder is 37% to 38% over 5 to 6 years (18, 19). Estimates of the prevalence of diabetes and subdiabetic impaired glycemia depend on the criteria and tests used. For example, the population-based estimate of prevalence of undiagnosed diabetes among U.S. persons 40 to 74 years of age is 6.4% by using the OGTT and 4.4% by using a fasting plasma glucose test (20). This difference has been greater in some cohorts (21-24), negligible in others (25), and reversed in another (26). Furthermore, the two tests do not identify precisely the same individuals as having diabetes. Differences relate to phenotype and measurement error. The OGTT is generally considered more sensitive for impaired glycemia because it detects changes in postprandial glycemia that tend to precede changes in fasting glucose. On the other hand, the OGTT has considerably worse reproducibility than fasting plasma glucose testing (27-30). Poor reproducibility overestimates the prevalence of clinically defined diabetes, because epidemiologic estimates of prevalence are almost always based on one-time testing rather than the repeated testing of initial positive results required to confirm the clinical diagnosis of diabetes (5, 6). For example, prevalence decreased from 19.3% with one OGTT to 11.3% on repeated testing of initial positive results in one population-based study (31, 32). Diagnostic Thresholds Since the advent of a test for glycosuria in 1841 (33), the diagnosis of diabetes has related as much to biochemical analysis as to clinical symptoms. All current diagnostic criteria for diabetes depend on a threshold value imposed on a continuous distribution of blood glucose levels. Yet, the correct glycemic threshold that discriminates normal from diabetic is not obvious. Three strategies to identify a threshold have been used. The original, statistical approach identified the threshold as the mean value of blood glucose plus 2 SDs in a given population (34-36). However, this cut-off did not correlate well with symptoms (37). An alternative statistical approach attempted to separate diabetic and nondiabetic population distributions and to use the intersection, or antimode, as the threshold. When this approach is used, thresholds for hemoglobin A1c level have characteristics similar to those of fasting plasma glucose level and values on the OGTT (Figure 1)(38-40). However, the antimode of a bimodal distribution varies with the relative sizes of the populations; therefore, antimodal thresholds from high-prevalence groups, such as Pima Indians, may not be generalizable to the general population. Figure 1. Frequency distributions and prevalence of retinopathy and proteinuria in Pima Indians 35 years of age or older. Left. Middle. Right. solid line dashed line A more clinical approach estimates a threshold above which diabetic complications occur at an increased rate. Microvascular complications are considered most frequently because of their specificity for diabetes and markedly nonlinear relationship to glycemia. Many studies have shown increased risk for retinopathy above thresholds of about 11.1 mmol/L (200 mg/dL) 2 hours after an OGTT (41-49). Other studies have estimated a threshold for retinopathy at a fasting plasma glucose level of 7.8 mmol/L (140 mg/dL) (50, 51). However, in these studies, the comparable threshold for 2-hour plasma glucose was approximately 13.9 mmol/L (250 mg/dL). Similarly, recent work has identified a threshold for hemoglobin A1c above which the risk for retinopathy is increased. Cross-sectional, population-based studies among Egyptians, Pima Indians, and a general sample of U.S. persons showed generally consistent relationships among the three measures of glycemia and retinopathy (Figure 2)(5, 38, 39). In each group, the proportion of persons with retinopathy begins to increase at a fasting glucose level of 5.5 to 6.4 mmol/L (99 to 116 mg/dL), at a 2-hour postprandial glucose level of 6.9 to 10.3 mmol/L (125 to 185 mg/dL), and at a hemoglobin A1c level of 0.059 to 0.060 (5.9% to 6.0%). Figure 2. Prevalence of retinopathy by deciles of the distribution of values on tests for fasting plasma glucose ( circles ), oral glucose tolerance ( squares ), and hemoglobin A ( triangles ). Top. Middle. Bottom. Problems in Threshold Estimation Diagnosing diabetes on the basis of these apparent thresholds remains problematic. First, the exact values of the thresholds are not clear. Second, if the goal of diagnosing diabetes is to prevent sequelae, then macrovascular complications as well as microvascular complications should be considered. However, although there appears to be a monotonic relationship between glycemia and cardiovascular risk (52-55), this association extends well into the subdiabetic range (56, 57), implying the absence of a meaningful glycemic threshold for cardiovascular disease (58). A similar pattern is evident for peripheral artery disease (59-61) and all-cause mortality (62). Moreover, unlike microvascular complications, the risk for macrovascular disease is not specific to diabetes and is not related to duration of diabetes (63, 64). Third, there should be clear evidence of net benefit for initiating treatment at one threshold of glycemia instead of another. The results of the Diabetes Control and Complications Trial in patients with type 1 diabetes (65) and the United Kingdom Prospective Diabetes Study (UKPDS) 33 (66) in patients with type 2 diabetes have provided convincing evidence that intensive hypoglycemic therapy reduces the risk for microvascular complications. However, the results of these trials do not directly inform upon whether making a diagnosis at a fasting plasma glucose level of 7.0 mmol/L (126",https://www.semanticscholar.org/paper/b62bd4fcf97246d7a38d0e15938436b1eb1e7236,b62bd4fcf97246d7a38d0e15938436b1eb1e7236,35545636,10.7326/0003-4819-137-4-200208200-00011,False,N/A
"The contentious nature of gestational diabetes: diet, insulin, glyburide and metformin","Review, JournalArticle",2002-11-01,"Gestational diabetes (GD) develops because pregnancy increases requirements for insulin secretion while increasing insulin resistance. Women with GD often have impaired pancreatic β-cell compensation for insulin resistance. The nature of GD is currently contentious, with debate about its existence, diagnosis and ramifications for both mother and offspring from pregnancy into later life. Also contentious are the outcomes of intervention with diet, insulin, glyburide (Glynase™, Pharmacia Upjohn) and metformin (Glucophage™, Bristol-Myers Squibb). There is consensus that women with unequivocal GD have a significant risk of adverse perinatal outcomes and increased risk of later type 2 diabetes mellitus. Foetuses from pregnancies with GD have a higher risk of macrosomia (associated with higher rate of birth injuries), asphyxia, and neonatal hypoglycaemia and hyperinsulinaemia. Uncontrolled GD predisposes foetuses to accelerated, excessive fat accumulation, insulin resistance, pancreatic exhaustion secondary to prenatal hyperglycaemia and possible higher risk of child and adult obesity and type 2 diabetes mellitus later in adult life. However, there is no consensus as to whether glucose intolerance of a severity below unequivocal GD is related to adverse maternal, fetal or perinatal outcomes, and whether this relationship is a continuous one. If dietary intervention is not sufficient in the treatment of GD, then, historically, insulin has been added. Recent studies suggest that glyburide may be efficaciously substituted for insulin. Preliminary studies suggest that metformin may have the unique potential to prevent the development of GD.",https://www.semanticscholar.org/paper/b817e68ac3dcef6be1041632a9d0547de1868ede,b817e68ac3dcef6be1041632a9d0547de1868ede,28130051,10.1517/14656566.3.11.1557,False,N/A
Pregnancy complications and maternal cardiovascular risk: opportunities for intervention and screening?,"Review, JournalArticle",2002-07-20,"Plentiful evidence now links low birth weight due to intrauterine growth restriction and increased risk of vascular disease in later adult life. This is considered to be partly the result of programming through fetal nutrition. 1 In contrast, much less attention has been focused on the relation between adverse pregnancy outcomes, such as pre›eclampsia, gestational diabetes, preterm delivery, and intrauterine growth restriction, and the mother’s subsequent health, and interesting data are now increasingly linking the maternal vascular, metabolic, and inflammatory complications of pregnancy with an increased risk of vascular disease in later life (table). This article summarises the emerg› ing evidence to support this fascinating concept, notes important areas for further research, and discusses potential practical implications.",https://www.semanticscholar.org/paper/cf1dd6f68b750fc97a37fa30ddadb35c7cffb09d,cf1dd6f68b750fc97a37fa30ddadb35c7cffb09d,8782647,10.1136/bmj.325.7356.157,True,https://europepmc.org/articles/pmc1123678?pdf=render
Outcome of pregnancy in Asian women with systemic lupus erythematosus: experience of a single perinatal centre in Singapore.,JournalArticle,2002-05-01,"OBJECTIVE
To study maternal and fetal outcomes in women with systemic lupus erythematosus (SLE).


MATERIALS AND METHODS
Retrospective study of 27 pregnancies in 18 women with SLE in a single centre.


RESULTS
The mean age was 30 years and most patients were nulliparous. Twenty-six of 27 pregnancies were in disease remission at the time of booking. Renal impairment was present in 7 pregnancies (6 women), of whom 2 were in end-stage renal disease on dialysis. Gestational diabetes developed in 4 pregnancies. There were 6 cases of pre-existing hypertension and 5 with superimposed pre-eclampsia. One woman developed intrapartum eclampsia. Two women had secondary antiphospholipid syndrome (APS) and suffered late fetal losses; in addition, they also developed SLE flares in the form of autoimmune haemolytic anaemia in the postpartum period. There was no maternal mortality. There was one termination of pregnancy for severe renal disease. The median gestational age at delivery was 38 weeks (range, 24 to 40 weeks) and the mean birth weight was 3047 g; the median Apgar scores were 8 and 9 at 1 and 5 minutes of life, respectively. There were 5 cases of intrauterine growth restriction (IUGR), 4 of which occurred in women with renal impairment. There were no cases of congenital heart block or neonatal lupus. There was a late fetal loss at 24 weeks in a woman with secondary APS. There were 2 preterm deliveries (7.4%) due to intervention for IUGR.


CONCLUSION
Good pregnancy outcomes can be expected in women with SLE in remission. Pre-pregnancy counselling is crucial to achieve this. All pregnancies should still be considered high risk and be managed jointly between the obstetricians, the perinatologists and the physicians. In particular, those with renal impairment are at increased risk of IUGR, superimposed pre-eclampsia and preterm births. Co-existing APS augurs a poorer prognosis for pregnancy outcome, and may present atypically as autoimmune haemolytic anaemia in the postpartum period.",https://www.semanticscholar.org/paper/d61049a294455eedf9adf931acf0b531b362674b,d61049a294455eedf9adf931acf0b531b362674b,22044906,N/A,False,N/A
In This Issue,"JournalArticle, Review",2002-08-01,"This fourth Issue of Journal of Developmental Origins of Health and Disease contains two excellent reviews. The review by Catalano examines the impact of gestational diabetes as well as maternal obesity on offspring metabolic dysregulation. In their review, Hoy et al. examine the early development of the kidney, including maternal and neonatal factors that influence kidney development. Our original articles explore the effects of programming in rats, mechanistic studies of adipokines in humans and several epidemiological and intervention studies. This issue contains one original article resulting from the presentation at the DOHaD 6th World Congress in Santiago, Chile, in November 2009.",https://www.semanticscholar.org/paper/d6445dc13e103badb5da5ad197d08d529d485a3d,d6445dc13e103badb5da5ad197d08d529d485a3d,218614836,10.1017/S2040174410000437,True,https://www.pnas.org/content/pnas/117/50/31555.full.pdf
Type 2 diabetes mellitus in children: prenatal and early infancy risk factors among native canadians.,JournalArticle,2002-07-01,"BACKGROUND
Type 2 diabetes mellitus is increasingly being observed among children and youth, including the Native population of Canada. Only one study has investigated prenatal and early infancy risk factors for the disease.


METHODS
A case-control study was conducted; 46 patients younger than 18 years were recruited from the only clinical center for the treatment of diabetes serving the province of Manitoba, and 92 age- and sex-matched controls were recruited from a pediatric ambulatory clinic serving a large Native population in Winnipeg, Manitoba. Information on exposure to prenatal and early infancy risk factors was obtained through questionnaires administered by a Native nurse-interviewer.


RESULTS
Multiple logistic regression modeling identified preexisting diabetes (odds ratio [OR], 14.4; 95% confidence interval [CI], 2.86-72.5), gestational diabetes (OR, 4.40; 95% CI, 1.38-14.1), and breastfeeding longer than 12 months (OR, 0.24; 95% CI, 0.13-0.99) as significant independent predictors of diabetic status. Other factors, such as low (<2500 g) and high (>4000 g) birth weight and maternal obesity, were also associated with diabetes in our population, but the elevated risks were not statistically significant.


CONCLUSION
Breastfeeding reduces the risk of type 2 diabetes among Native Canadian children and should be promoted as a potential intervention to control the disease.",https://www.semanticscholar.org/paper/d66d33bf39a599284c4c7609271cd4e13f429132,d66d33bf39a599284c4c7609271cd4e13f429132,29728110,10.1001/ARCHPEDI.156.7.651,False,N/A
Maternal medical disease: risk of antepartum fetal death.,"Review, JournalArticle",2002-02-01,"Although certain maternal medical conditions increase the risk of antepartum fetal death, improvements in medical and obstetric care have decreased the likelihood of stillbirth. This article examines the current stillbirth rates reported in pregnancies complicated by common medical diseases. The reported stillbirth rates are expressed as the number of stillbirths occurring at > or = 20 weeks of gestation per 1,000 births in patients with the condition. Overall, about 10% of all fetal deaths are related to maternal medical illnesses such as hypertension, diabetes, obesity, systemic lupus erythematosus, chronic renal disease, thyroid disorders, and cholestasis of pregnancy. The early recognition of maternal medical diseases provides an opportunity for increased surveillance and interventions that may lead to more favorable pregnancy outcomes.",https://www.semanticscholar.org/paper/e537140516a404f3abf3a156a228dcfb76e83946,e537140516a404f3abf3a156a228dcfb76e83946,46750627,10.1053/SPER.2002.29838,False,N/A
"Screening for gestational diabetes; past, present and future","Review, JournalArticle",2002-05-01,"Gestational diabetes is carbohydrate intolerance, with onset or first recognition of hyperglycaemia during pregnancy. Several studies have suggested that gestational hyperglycaemia is associated with adverse maternal and fetal outcomes, promoting the case for screening. Conversely, others argue that screening for gestational diabetes may colour the clinical judgement, influencing further management, e.g. more ‘unjustified’ caesarean sections. Additionally, the lack of definitive data either on a clear‐cut glycaemic threshold for the development of adverse outcomes or on the impact of intervention is emphasized by opponents of screening. This review attempts to evaluate the available data on screening for gestational diabetes. Oral glucose tolerance test is promoted on the basis that the diabetogenic stress of pregnancy is encountered during late gestation and is best recognized in the fed state. There are different tests, including the 1 h/50‐g, 2 h/75‐g and 3 h/100‐g tests, with practical limitations, including the time and cost involved and the unpleasant supra‐physiological glucose load that is unrelated to body weight, and issues of reproducibility and sensitivity/specificity profiles. Despite its convenience, the poor sensitivity of random glucose has precluded its routine use for screening. Fasting glucose appears to be promising but further testing is required to ensure satisfactory sensitivity/specificity in different populations. Despite its limitations, the oral glucose tolerance test has become established as the ‘most acceptable’ diagnostic test for gestational diabetes. More convenient methods, e.g. fasting or random or post‐load glucose, have to be validated therefore against the oral glucose tolerance test to gain acceptance for routine screening.",https://www.semanticscholar.org/paper/f96d629872286a2a14f5d8fb3c14a8b73bd121cb,f96d629872286a2a14f5d8fb3c14a8b73bd121cb,10658088,10.1046/j.1464-5491.2002.00684.x,False,N/A
