Title,Publication Type,Publication Date,Abstract,Full Text URL,Paper ID,Corpus ID,DOI,Is Open Access,Open Access PDF
Shared care: gestational diabetes.,JournalArticle,2003-03-01,"BACKGROUND
Gestational diabetes (GD) is a common problem in pregnancy with potentially serious adverse outcomes for the baby. The diagnosis also identifies women at increased risk of subsequently developing type 2 diabetes.


OBJECTIVE
The uncertainty surrounding the level of glucose intolerance that should be treated as GD is highlighted. Strategies for screening are discussed, and the public health importance of GD as identifying women at increased risk of developing type 2 diabetes is raised and discussed. A simple strategy for the delivery of these interventions to women with a past history of GD is outlined.


DISCUSSION
Gestational diabetes offers an ideal opportunity to identify one high risk group at risk of developing type 2 diabetes. Type 2 diabetes can be prevented or delayed in high risk groups by attention to weight control, exercise and by modifying other risk factors. This can be effectively and efficiently done through primary care, however, monitoring follow up of women is the challenge.",https://www.semanticscholar.org/paper/22acb10ece472f5b13113eeb5fdbca5c5db0c9a6,22acb10ece472f5b13113eeb5fdbca5c5db0c9a6,37545422,N/A,False,N/A
Metformin and gestational diabetes,"Review, JournalArticle",2003-08-01,,https://www.semanticscholar.org/paper/2d235a524fd616044efc0aca763891c8f43992b5,2d235a524fd616044efc0aca763891c8f43992b5,30567429,10.1007/S11892-003-0022-0,False,N/A
Sonographic evaluation of fetal growth and body composition in women with different degrees of normal glucose metabolism.,JournalArticle,2003-10-01,"OBJECTIVE
To investigate the maternal demographic and metabolic factors contributing to the growth of fetal lean and fat body mass in women whose degree of glucose intolerance is less than that defining gestational diabetes in comparison with women with normal glucose metabolism.


RESEARCH DESIGN AND METHODS
Longitudinal sonographic examinations of 66 singleton fetuses without anomalies of nonobese mothers with abnormal oral glucose challenge test (GCT) results and without gestational diabetes (group 1) were compared with those of 123 singleton fetuses without anomalies of nonobese mothers with normal GCT values (group 2). Lean body mass measurements included head circumference, femur length, mid-upper arm, and mid-thigh central areas. Fat body mass measurements included the anterior abdominal wall thickness, the subscapular thickness, and the mid-upper arm and mid-thigh subcutaneous areas. All the women performed a 24-h glucose profile on the day preceding the ultrasound scan. Multivariate logistic regression analysis established best-fit equations for fetal sonographic measurements of fat and lean body mass. Independent variables included groups 1 and 2, maternal age, parity, prepregnancy BMI, gestational age, weight gain during pregnancy, fetal sex, and the following averaged 24-h profile maternal capillary blood glucose values: preprandial, 1-h postprandial, and 2-h postprandial.


RESULTS
No difference was found between the two groups with respect to fetal lean body mass parameters; the factors that contributed significantly and most frequently were gestational age and fetal sex (male). With respect to fetal fat body mass, all the measurements were significantly higher in group 1 than in group 2. In all instances, the significantly contributing factors were gestational age and maternal 1-h postprandial glucose values, whereas another frequent contributor was prepregnancy BMI.


CONCLUSIONS
Our study suggests the possibility of using sonographically determined fetal fat and lean mass measurements as indicators of body composition. The assessment of these parameters, achievable in a noninvasive and reproducible fashion in pregnancies complicated by glucose intolerance, might enable the real-time detection of fetal overgrowth and disproportion, thus opening the possibility of exploring interventions to limit fetal fat accretion, birth weight, and potential resulting morbidity.",https://www.semanticscholar.org/paper/35bc345ac0d03e068b2155c4ffb3730095e4ae70,35bc345ac0d03e068b2155c4ffb3730095e4ae70,17567394,10.2337/DIACARE.26.10.2741,True,https://diabetesjournals.org/care/article-pdf/26/10/2741/590767/dc1003002741.pdf
Diabetes among Alaska Natives: a review,"Review, JournalArticle",2003-12-01,"This review summarizes the published information on diabetes mellitus and gestational diabetes among Alaska Natives. The most recently published age-adjusted prevalence was 28.3/1000 in 1998. There is evidence of a steadily increasing prevalence, documented both by cross sectional screening studies and patient registry methods. The overall incidence rates in 1986–1998 of lower extremity amputation (6.1/1000) and renal replacement therapy (2.1/1000) appear to be lower than those in other Native American populations in the United States. Incidence of stroke and MI in 1986–1998 varied widely by ethnic group and gender with Eskimo women having the highest rate of stroke (19.6/1000), and Aleut men the highest rate of MI (14/1000). The overall mortality among diabetic Alaska Native people in 1986–1993 (43.2/1000) was somewhat lower than that in other US diabetic populations, with heart disease being the most common cause of death. A high rate of gestational diabetes (6.7%) was reported in one region in 1987-88, but this appeared to decline following nutritional education intervention. In screening studies, the prevalence of abnormal glucose tolerance has been found to be positively associated with body mass index and negatively associated with daily seal oil or salmon consumption and higher levels of physical activity. Observations on the prevalence and relationships among other factors in the insulin resistance syndrome are summarized. Suggestions for prevention of diabetes and further studies are presented.",https://www.semanticscholar.org/paper/3d11749541847cb2a99c434e5f752e66bf239f2c,3d11749541847cb2a99c434e5f752e66bf239f2c,32373642,10.3402/ijch.v62i4.17581,True,https://www.tandfonline.com/doi/pdf/10.3402/ijch.v62i4.17581?needAccess=true&role=button
[An epidemiologic study of diabetes mellitus in employees of Baotou Iron & Steel Company].,JournalArticle,2003-09-01,"OBJECTIVE
To investigate prevalence of diabetes mellitus (DM), impaired glucose tolerance (IGT), impaired fasting glucose (IFG) in Baotou Iron & Steel Company and to provide scientific evidence for prevention and intervention of DM.


METHODS
Prevalence of DM was studied in 20 221 workers aged 20 years and over (male 15 124 and female 5 097), with the criteria set by the American Diabetes Association (ADA, 1997), in Baotou Iron & Steel Company.


RESULTS
Prevalence of DM, IGT and IFG was 3.22%, 3.48% and 2.09%, respectively in 20 221 subjects, adjusted for age, which increased with age, body mass index and waist to hip ratio, and 56.30% of them were newly-diagnosed. Family history of DM and overweight correlated to prevalence of DM, IGT and IFG, which was higher in mental workers than that in physical laborers. The lower level of education, the higher prevalence of DM, IGT and IFG. Prevalence of DM, IGT and IFG in the workers working under high-temperature condition had no significantly difference with that in the control group. Mean blood pressure was significantly higher in persons with DM, IGT and IFG than that in the normal controls.


CONCLUSIONS
Age, overweight, obesity, family history of DM, mental work, low level of education, and history of gestation with a huge fetus all were risk factors for DM, IGT and IFG. There is no significant impact of high temperature environment on prevalence of DM, IGT and IFG.",https://www.semanticscholar.org/paper/446d7ad5faa202958df01111e146628d7a340d8e,446d7ad5faa202958df01111e146628d7a340d8e,32305361,N/A,False,N/A
[Insulin resistance in polycystic ovary syndrome].,"Review, JournalArticle, Study",,"With a prevalence of 5-10% the polycystic ovary syndrome (PCOS) is a common disorder of premenopausal women. According to prospective studies abnormal glucose tolerance and diabetes mellitus present in about 10.0% and 35.0% of adult women with PCOS, respectively. PCOS patients have a higher prevalence of cardiovascular risk factors such as hypertension and dyslipidaemia. The rate of spontaneous abortions as well as the risk of developing gestational diabetes is increased in PCOS. Therefore, PCOS is not only a reproductive problem, but a complex endocrine disease with important health implications. The role of glucose metabolism in PCOS, the health consequences and possible interventions are reviewed in this article.",https://www.semanticscholar.org/paper/47e580a503d57056d29eee8201c8d8ae91e8b532,47e580a503d57056d29eee8201c8d8ae91e8b532,44564086,N/A,False,N/A
"[Guidelines on diagnosis of type 2 diabetes. Investigation, diagnosis and glucose measurement].",JournalArticle,,"World wide the prevalence of type 2 diabetes is increasing and 30-50% of patients are undiagnosed. Early detection and intervention may decrease the risk of late diabetic complications, and thus clear guidelines for early detection and diagnosis of type 2 diabetes are needed. We recommend those individuals with either previous gestational diabetes; obesity (BMI > 30 kg/m2) and/or two or more relatives with diabetes should be considered eligible for testing for diabetes. In order to make the diagnosis two diabetic glucose values on separate days are required. The diagnosis may be made using plasma glucose or capillary whole blood, but quality control measures are essential for glucose measurements in general practice as well as in departments of clinical biochemistry.",https://www.semanticscholar.org/paper/5553c66d6537d51128e185bdc9ed666f2cc629ae,5553c66d6537d51128e185bdc9ed666f2cc629ae,33711465,N/A,False,N/A
Follow-up report on the diagnosis of diabetes mellitus.,"Review, JournalArticle",2003-11-01,"In 1997, an International Expert Committee was convened to reexamine the classification and diagnostic criteria of diabetes, which were based on the 1979 publication of the National Diabetes Data Group (1) and subsequent WHO study group (2). As a result of its deliberations, the Committee recommended several changes to the diagnostic criteria for diabetes and for lesser degrees of impaired glucose regulation (IFG/IGT) (3). The following were the major changes or issues addressed. 1) The use of a fasting plasma glucose (FPG) test for the diagnosis of diabetes was recommended, and the cut point separating diabetes from nondiabetes was lowered from FPG 140 mg/dl (7.8 mmol/l) to 126 mg/dl (7.0 mmol/l). (All glycemic values represent venous plasma.) This change was based on data that showed an increase in prevalence and incidence of diabetic retinopathy beginning at approximately a FPG of 126 mg/dl, as well as on the desire to reduce the discrepancy that existed in the number of cases detected by the FPG cut point of 140 mg/dl and the 2-h value in the OGTT (2-h plasma glucose [2-h PG]) of 200 mg/dl (11.1 mmol/l). 2) Normal FPG was defined as 110 mg/dl (6.1 mmol/l). 3) The use of HbA1c (A1C) as a diagnostic test for diabetes was not recommended. The primary reason for this decision was a lack of standardized methodology resulting in varying nondiabetic reference ranges among laboratories. 4) Although the OGTT (which consists of an FPG and 2-h PG value) was recognized as a valid way to diagnose diabetes, the use of the test for diagnostic purposes in clinical practice was discouraged for several reasons (e.g., inconvenience, less reproducibility, greater cost). The diagnostic category of impaired glucose tolerance (IGT) was retained to describe people whose FPG was 126 mg/dl but whose 2-h PG after a 75-g oral glucose challenge was 140–199 mg/dl. 5) The range of FPG levels between “normal” and that diagnostic for diabetes was named “impaired fasting glucose” (IFG). IFG identified people whose FPG ranged from 110 mg/dl (6.1 mmol/l) to 125 mg/dl (6.9 mmol/l). This construct was established so that there would be a fasting category analogous to IGT. The WHO consultation (4) also adopted most of the above conclusions. The two significant differences were that, whenever feasible, individuals with IFG should receive an OGTT to exclude the presence of diabetes, and the adoption of different criteria for the diagnosis of gestational diabetes. Since the 1997 Expert Committee report, many new data related to the diagnosis of diabetes have been published. First, many analyses of both old and new epidemiological data have examined the equivalence of the FPG and the 2-h PG to predict diabetes, and questions have been raised about the preference of the FPG test over the 2-h PG to diagnose diabetes (5– 7). Second, the IGT category has now been associated with cardiovascular disease (CVD) risk factors (8–10) and CVD events (10,11), whereas IFG is much less strongly associated with CVD events and CVD mortality (10,11). Third, the National Glycosylated Hemoglobin Standardization Program (NGSP) has now ensured that most laboratories in the U.S. perform the assays using standardized controls and report glycated hemoglobin results in a manner traceable to the assay used in the Diabetes Control and Complications Trial (DCCT) (12). These development s have improved as say performance and now allow caregivers and patients to compare reported results obtained among laboratories. Additional studies have suggested that the A1C may assist in diagnosing diabetes (13–17). Finally, data from major clinical trials that tested whether the progression from IGT to diabetes could be delayed or prevented by a treatment intervention have produced concordant results: intensive lifestyle modification (nutritional and exercise interventions) (18,19), metformin (19,20), and acarbose (20,21) were effective to variable degrees. In addition, a thiazolidinedione drug (troglitazone) reduced the incidence of diabetes in high-risk women with prior gestational diabetes (22). An inherent difficulty in the diagnosis of diabetes is the present lack of an identified unique qualitative biological marker that separates all people with diabetes from all nondiabetic individuals. The closest such characteristic for practical purposes is diabetic retinopathy, but this suffers from the obvious defect that in most diabetic patients, retinopathy usually becomes evident years after the recognized onset of diabetes. The lack of a suitable, unique marker of diabetes has led to reliance on the metabolic abnormality historically associated with the disease, i.e., hyperglycemia (as measured by the FPG or 2-h PG) as the most useful diagnostic test. The selection of diagnostic cut points for these tests rests on two ● ● ● ● ● ● ● ● ● ● ● ● ● ● ● ● ● ● ● ● ● ● ● ● ● ● ● ● ● ● ● ● ● ● ● ● ● ● ● ● ● ● ● ● ● ● ● ● ●",https://www.semanticscholar.org/paper/7d0c9d02f63b53237ab3c2ac3d8394add855db8f,7d0c9d02f63b53237ab3c2ac3d8394add855db8f,11418123,10.2337/DIACARE.26.11.3160,True,https://diabetesjournals.org/care/article-pdf/26/11/3160/591353/dc1103003160.pdf
Beta-cell capacity and insulin sensitivity in prepubertal children born small for gestational age: influence of body size during childhood.,JournalArticle,2003-07-01,"Insulin secretion and sensitivity was studied in 28 prepubertal children born small for gestational age (SGA) and in 22 prepubertal children born appropriate for gestational age (AGA). The effect of body size during childhood was also assessed. Insulin sensitivity was measured using the hyperinsulinemic-euglycemic clamp (M value), and beta-cell function was studied with the hyperglycemic clamp plus arginine. First-phase insulin response (FIR) was used to calculate the disposition index (FIR x M value). Arginine-stimulated second-phase insulin response was used as a measure of beta-cell capacity. DeltaBMI(0-1 year), DeltaBMI(0-2 years), and DeltaBMI(2-9 years) were classified in tertiles. SGA children were less insulin sensitive than AGA children (P = 0.009). beta-Cell capacity and disposition indexes were similar in the two groups. In SGA children, M values were lower in the tertile with the highest DeltaBMI(2-9 years) than in the tertile with the lowest DeltaBMI(2-9 years) (P = 0.01). No association between DeltaBMI(0-2 years) and decreased insulin sensitivity was found. In conclusion, prepubertal SGA children show decreased insulin sensitivity rather than decreased beta-cell capacity. Interventions to improve fetal growth and prevent overweight after the second year of life appear to be important factors in the prevention of type 2 diabetes in children born SGA.",https://www.semanticscholar.org/paper/7d41dd40e6d28c6348d9368d99ab4d7c9f7807f0,7d41dd40e6d28c6348d9368d99ab4d7c9f7807f0,22076413,10.2337/DIABETES.52.7.1756,True,https://diabetesjournals.org/diabetes/article-pdf/52/7/1756/648950/db0703001756.pdf
Prevention of cardiovascular disease in women,JournalArticle,2003-08-01,,https://www.semanticscholar.org/paper/9a5360cb08eea4a9e41b154cb0ac1b7c3256194e,9a5360cb08eea4a9e41b154cb0ac1b7c3256194e,41517761,10.1007/S11936-003-0028-6,False,N/A
Exercise: The Alternative Therapeutic Intervention for Gestational Diabetes,"Review, JournalArticle",2003-06-01,"Gestational diabetes (GDM), defined as a “carbohydrate intolerance of variable severity with onset of first recognition during pregnancy,” has been associated with both maternal and fetal morbidities. The incidence for GDM varies from 3.5% to 12% or higher. The sequelae of a pregnancy complicated by GDM are risk for lifelong comorbidities such as diabetes, particularly among obese and sedentary women. Forty percent of women affected by GDM will develop type 2 diabetes within 4 years. Industrial countries are currently experiencing an epidemic of obesity and a rising incidence of diabetes. In the United States alone it is estimated that more than half of adults are either overweight or obese. Pregnancy and sedentary lifestyle are frequently the underlying conditions, but pregnancy is also a unique time for behavior modification, and women may be more prone to accept healthy lifestyle habits that they will adopt and maintain beyond pregnancy. Such habits, once adopted, could influence the immediate members of the family as well. To optimize pregnancy outcome, 39% of patients with GDM will require insulin therapy in pregnancy. However, in my experience, exercise is a safe and effective alternative therapeutic intervention for most of these patients. Exercise has long been accepted as an adjunctive intervention in the management of diabetes in nonpregnant subjects, but exercise for patients with GDM has not been widely prescribed or practiced, despite endorsements by professional organizations. It is ACOG’s position that pregnant patients should continue to exercise in pregnancy, and that in the absence of either medical or obstetric complications, 30 minutes or more of moderate exercise a day Correspondence: Raul Artal, MD, Professor and Chairman, Saint Louis University, Department of Obstetrics, Gynecology & Women’s Health, 6420 Clayton Road, Ste. 290, St. Louis, MO 63117. E-mail: artalr@slucare1. sluh.edu CLINICAL OBSTETRICS AND GYNECOLOGY Volume 46, Number 2, 479–487 © 2003, Lippincott Williams & Wilkins, Inc.",https://www.semanticscholar.org/paper/c713f06256677819e17dfcb327650b02151c192f,c713f06256677819e17dfcb327650b02151c192f,43727089,10.1097/00003081-200306000-00026,False,N/A
"Preventable Factors in Childhood that Lead to Insulin Resistance, Diabetes Mellitus and the Metabolic Syndrome: The EarlyBird Diabetes Study I","JournalArticle, Study",2003-12-01,"For a decade or more, poor nutrition during gestation, expressed as low weight at birth, was held to be the factor responsible for insulin resistance later in life. Birth weights, however, are rising and insulin resistant states, such as diabetes mellitus, faster still. Alternative explanations are needed to explain insulin resistance in contemporary industrialised populations. EarlyBird is a non-intervention prospective cohort study that asks the question 'Which children develop insulin resistance, and why?' It is unique in taking serial blood samples from a young age with which to monitor the behaviour of insulin resistance and its metabolic correlates. This, the baseline report of the EarlyBird Study, describes the rationale, design and methodology of the study, and the profile of the population at entry. It situates the anthropometric, physical activity and dietary status of the EarlyBird children and provides a detailed metabolic profile of the British 5 year-old in the year 2000.",https://www.semanticscholar.org/paper/dce6624f0f288f04ede20f22f9f8ce8dd75b6eb0,dce6624f0f288f04ede20f22f9f8ce8dd75b6eb0,10503893,10.1515/JPEM.2003.16.9.1211,False,N/A
"[Evolution of indications for cesarean section between 1991 and 2000 in materials from the Pathology Clinic in the Department of Pregnancy and Labor, Pomeranian Medical University in Szczecin].",JournalArticle,,"The present study was designed to analyze retrospectively the course of 2693 pregnancies and deliveries between 1999 and 2000 at the Department of Pathology of Pregnancy and Labor, Pomeranian Academy of Medicine in Szczecin. Attention was focused on the frequency of cesarean sections including preventive and urgent cases, obstetric and paraobstetric pathologies complicating pregnancy, perinatal and maternal mortality. The efficacy of diagnosing fetal distress in pregnancy and labor by continuous fetal monitoring with cardiotocography versus ultrasonography, in particular umbilical artery Doppler velocimetry, was studied. The material consisted of 2693 pregnant women (1476 (54.8%) primiparous and 1217 (45.2%) multiparous) aged 15-46 years, and their 2802 newborns. Gestational age varied between 23 and 43 weeks. Two groups were formed: I--1268 women delivering by cesarean section between 1991 and 1995; II--1425 women delivering by cesarean section between 1996 and 2000. In 1995/1996, complete ultrasonography supplemented with umbilical artery Doppler flow and intrauterine invasive intervention (cordocentesis, amnioinfusion, amnioreduction, intrauterine fetal blood transfusion) were introduced, as well as screening for diabetes in pregnancy and immunological tests for anticardiolipin antibodies. At that time, the Program of Improved Prenatal Care in Poland was fully implemented. Moreover, the Intensive Therapy of Newborns Uni was established at the Department of Pathology of Pregnancy and Labor. Depending on the moment the decision to perform cesarean section was taken, the prospective group was divided into two groups: antenatal (group P--1036 gravida) and intranatal (group S--1657 parturients). Depending on indications for cesarean section, urgent (N) were distinguished from preventive (Pr) cases. CTG interpretation was performe using qualitative and semi-quantitative Fischer's method. CTG recordings during labor were interpreted according to the qualitative method proposed by FIGO in 1987. An analysis of PI, S/D, RI, and flow curve (absence (AEDF) or reversion (REDF) of end-diastolic umbilical artery blood flow) in umbilical artery Doppler velocimetr was performed. A decrease of more than two standard deviations from average valu for several pregnancy time intervals was regarded as pathological. The absence (AEDF) or reversion (REDF) of end-diastolic umbilical artery blood flow was considered to be a high risk factor. The status of newborns was assessed using 5 min Apgar score and parameters o acid-base equilibrium in umbilical artery blood. The following conclusions were drawn: 1. Analysis of cases during the last decade of the 20th century revealed: --increased rate of cesarean sections with a shift in indications from urgent to preventive; --increase in obstetric risk associated with higher percentage of complication during pregnancy; --higher percentage of cesarean sections in premature labor; --correlation between premature labor and increased risk of poor newborn statu --decrease in perinatal mortality of newborns. 2. Analysis of methods for antepartum fetal monitoring revealed: --abnormal CTG patterns and abnormal blood flow in umbilical artery with ab sence or reversion of end-diastolic blood flow the coexistence of which were diagnostically effective for prediction of poor newborn status. 3. Analysis of fetal monitoring methods revealed: --normal intrapartum CTG patterns and normal antepartum blood flow in umbilical artery were markers of good newborn status; --abnormal CTG patterns and abnormal blood flow in umbilical artery had lim ited predictive value regarding poor newborn status. 4. Evolution of indications for cesarean section was multifactorial in character. New and more effective methods for fetal monitoring are needed.",https://www.semanticscholar.org/paper/f8718d0d6f15f60c04cc4051188b8542c582c60f,f8718d0d6f15f60c04cc4051188b8542c582c60f,35058197,N/A,False,N/A
