Title,Publication Type,Publication Date,Abstract,Full Text URL,Paper ID,Corpus ID,DOI,Is Open Access,Open Access PDF
Carbohydrate quantity is more closely associated with glycaemic control than weight in pregnant women with type 1 diabetes: Insights from the Diabetes and Pre‐eclampsia Intervention Trial (DAPIT),JournalArticle,2004-11-01,"Abstract Background The present study aimed to explore the relationships between carbohydrate intake, body mass index (BMI) and glycaemic control (HbA1c) in pregnant women with type 1 diabetes mellitus (T1DM) Methods Secondary analysis of data was undertaken to assess dietary intake in a cohort of women who participated in a randomised controlled trial (RCT) of antioxidant supplementation to prevent preeclampsia (DAPIT10). Study‐specific peripheral venous blood samples were obtained for HbA1c at 26 and 34 weeks. Diet was collected using a validated semiquantitative food frequency questionnaire at 26–28 weeks of gestation which assessed dietary intake over 2 weeks. Mean daily average nutrient intakes were analysed using Q Builder nutritional software and SPSS, version 25. Results Dietary data were available for 547 pregnant women (72% of cohort) aged 29 years (95% confidence interval [CI] = 28.9–29.9) with average diabetes duration 11.8 years (95% confidence interval = 11.1–12.6). Average body mass index (BMI) (<16 weeks of gestation) was 26.7 kg/m2 (95% CI = 26.3 −27, range 18.8–45.6 kg/m2); 43% (n = 234) were overweight (BMI = 25.0−29.9 kg/m2) and 20% (n = 112) were obese (BMI ≥ 30 kg/m2). Differences in HbA1c and carbohydrate quantity and quality were found when adjusted for age and insulin dose. No differences between BMI group were observed for total carbohydrate and glycaemic control; however, differences were noted in fibre and glycaemic index. Conclusions Average quantity of dietary carbohydrate influenced HbA1c when adjusted for insulin dose however, BMI had less impact. More research is required on the relationship between carbohydrate consumption and glycaemic control in pregnancy.",https://www.semanticscholar.org/paper/28fd2de4072583dcf744a6e14abf5ab2369fe078,28fd2de4072583dcf744a6e14abf5ab2369fe078,79171609,10.1111/jhn.13042,True,https://onlinelibrary.wiley.com/doi/pdfdirect/10.1111/jhn.13042
[Incidence of gestational diabetes and relationship to obesity in Chilean pregnant women].,JournalArticle,2004-08-01,"BACKGROUND
Gestational diabetes (GDM) is associated to a worse outcome of pregnancy. This justifies efforts for finding possible causes of GDM that would allow implementing preventive interventions.


AIM
To study incidence of GDM and its relation with obesity and other traditional risk factors.


MATERIAL AND METHODS
A retrospective study was performed in 234 women who had delivered a singleton during the last 12 months, attended in an outpatient clinic in Santiago, Chile. Familiar and personal history, body mass index (BMI), obstetrical-related pathology and data about the labor and the newborn were analyzed.


RESULTS
GDM was diagnosed in 11.2% of the women. BMI before pregnancy was 26.6 +/- 4.4 kg/m2 (mean +/- SD) and it was 25 or over in 37.8% of women. Women who developed GDM had significantly higher BMI in the pre-pregnancy stage and in the second and third trimester of pregnancy (p < 0.001). The average age was greater in the GDM group (31 +/- 0.2 yr versus 26 +/- 0.41 yr). Incidence of GDM was 14.4% among women 25 years old or older and increased to 21.4% when they had, in addition, a BMI of 25 or over. Age, BMI, and family history of diabetes were all independently correlated with the development of GDM. Elective caesarean sections were more common in GDM than in non-GDM women (p < or = 0.01) and complications were present in 3/23 of newborns of women with GDM and 2/199 among women without GDM (p < 0.01)


CONCLUSIONS
GDM and obesity are highly prevalent in Chilean pregnant women. BMI, first degree relative with DM and age are independent risk factors for the development of GDM.",https://www.semanticscholar.org/paper/2a8ef9042ad3fd814d7978cbef2d02d29b730ad4,2a8ef9042ad3fd814d7978cbef2d02d29b730ad4,10787793,10.4067/S0034-98872004000800004,True,http://www.scielo.cl/pdf/rmc/v132n8/art04.pdf
Effect of 3-day intensive dietary therapy during admission in women after diagnosis of gestational diabetes mellitus.,JournalArticle,2004-09-01,"OBJECTIVE
To determine the impact of 3-day intensive dietary therapy during admission on glycemic control.


MATERIAL AND METHOD
GDM women, with level of fasting blood glucose (FBS) at or above 105 mg/dl on their oral glucose tolerance test (OGTT), were hospitalized. After 3-day intensive dietary therapy, the women were stratified by FBS value and mean 2-hour postprandial blood glucose. Those with poor glycemic control, FBS at or above 105 mg/dl, were prescribed insulin therapy.


RESULT
Between 1 August 2001 to 31 December 2002, a total of 9861 pregnant women were screened for clinical risk factors of GDM at their first antenatal visits, and 4663 had at least 1 risk. After 50-gm glucose challenge test and 100-gm OGTT GDM was diagnosed in 300 women. Only 18% (54 in 300 cases) of GDM had level of FBS at or above 105 mg/dl on OGTT. They were admitted in a special ward for further investigation and initial management. After 3 days of intensive dietary therapy, the FBS and mean 2-hour postprandial blood glucose level were monitored and stratified in 3 groups. Only 42.6% of admission group (23 in 54 cases) still had FBS at or above 105 mg/dl and required insulin therapy (group 1). One third (18 in 54 cases) could avoid insulin therapy due to the level of FBS below 105 mg/dl and mean 2-hour postprandial blood glucose below 120 mg/dl (group 2). This second group was discharged, and due to attend the high risk pregnancy clinic a few weeks later The third group (group 3), comprising one fourth (13 in 54 cases), had FBS below 105 mg/dl but had a mean 2-hour postprandial blood glucose at or above 120 mg/dl. This third group were also discharged and were monitored glycemic profile by FBS and 2-hour postprandial blood glucose every time during their visits to the high risk pregnancy clinic. According to criteria of 2-hour postprandial blood glucose at or above 120 mg/dl on two or more occasions within a 1-2 weeks interval, no one in group 3 needed insulin therapy afterward


CONCLUSION
GDM women with FBS at or above 105 mg/dl on their OGTT, should be prescribed intensive dietary therapy alone for 3 days inside hospital rather than initiating insulin immediately after diagnosis. One third had a benefit of avoiding insulin therapy. Only 42% failed to achieve good glycemic control and still needed insulin therapy. One fourth showed optimal glycemic control after this intervention (FBS below 105 mg/dl) but had mean 2-hour postprandial blood glucose at or above 120 mg/dl. Longer trial of dietary therapy should be considered in this last group to avoid over treatment of insulin therapy.",https://www.semanticscholar.org/paper/76010f219b2b31e32d45f361c0386d5be1cc8b2e,76010f219b2b31e32d45f361c0386d5be1cc8b2e,895714,N/A,False,N/A
[Usefulness of the third-hour plasma glucose measurement of the oral glucose tolerance test for the diagnosis of gestational diabetes mellitus].,JournalArticle,2004-09-01,"OBJECTIVES
To value the utility of the third-hour plasma glucose measurement of the oral glucose tolerance test (OGTT) for diagnosis of gestational diabetes mellitus (GDM). To analyse the relation of rate insulin therapy, type of delivery and morbidity and mortality perinatal with the third-hour plasma glucose measurement or not for diagnosis of GDM.


METHODS
Historic cohort study.


SUBJECTS
Women diagnosed of GDM from 1993 to March of 2002 in Pregnancy Consultation in periurban Primary Care Center in Camas (Seville, Spain) by consecutive sampling design (n=112).


INTERVENTION
To apply the screening and diagnosis criteria from Third International Conference of GDM. To value obstetric outcome history, anthropometric parameter before, treatment and delivery type and perinatal complications. Statistic analysis: A chi2 test, with Fisher's correction was used.


RESULTS
A 63% of women were diagnosed of GDM with normal third-hour plasma glucose measurement (Group 1). In 21.4% this value was increase (> 145 mg/dL) but it was not necessary to diagnosis (Group 2). In 15.1%, the third-hour plasma glucose measurement was essential to diagnose GDM (Group 3). Insulin therapy was recommended in 17% (Group 3) and 5% (Group 1 and 2). There are not significant difference between groups about perinatal complications and cesarean delivery incidence.


DISCUSSION
We suggest it is not recommended the omission of the third-hour plasma glucose measurement of OGTT because a 15.1% were undiagnosed and would be a substantial decrease in sensitivity. In addition, that group was higher rate insulin therapy.",https://www.semanticscholar.org/paper/a00fc55b1e852639a771aa1bec84e1537ccc6fe9,a00fc55b1e852639a771aa1bec84e1537ccc6fe9,32462297,N/A,False,N/A
The Incidence of End-Stage Renal Disease Is Increasing Faster than the Prevalence of Chronic Renal Insufficiency,"JournalArticle, Review",2004-07-20,"Context The causes of the rapid growth in incidence of end-stage renal disease (ESRD) are unknown but may include an increase in prevalence of renal disease; more liberal acceptance into ESRD therapy; or improved survival from competing causes of death, such as cardiovascular disease. Contribution Comparison of data from the Second and Third National Health and Nutrition Examination Surveys and the U.S. Renal Data System shows that the increase in ESRD cannot be explained by increasing prevalence of chronic renal insufficiency. Implications Interventions aimed at the primary and secondary prevention of kidney disease alone are unlikely to reduce the increase in incidence of ESRD. The Editors The steady increase in the incidence of treated end-stage renal disease (ESRD) and its associated morbidity and mortality is an urgent worldwide public health problem. The number of new cases of ESRD in the United States is projected to be 650 000 by 2010, with accompanying Medicare expenditures of $28 billion (1). A major goal of Healthy People 2010 is to reduce the incidence of ESRD (2). A crucial first step for devising preventive strategies and planning future health care needs is to better understand the driving forces behind ESRD growth. In 1992, Port (3) enumerated 3 factors that may explain the observed increase in treated ESRD: broader acceptance of patients into ESRD therapy, improved prevention or outcomes from cardiovascular disease and other conditions resulting in more patients surviving to ESRD, and a true increase in renal disease prevalence. Postulated explanations for increasing renal disease include a greater proliferation of environmental toxins (3); increased use of nephrotoxic agents, such as analgesic medications (4); and the growing epidemic of diabetes mellitus. Although ESRD incidence continues to increase, we still do not know the relative contributions of these 3 important factors. For this study, we hypothesized that actual growth in kidney disease is only a minor contribution to the ongoing ESRD epidemic in the United States. We tested this hypothesis by examining the change in population prevalence of kidney disease over 13 years relative to parallel changes in the incidence of ESRD. We further estimated the proportional contributions of growth in the U.S. population and in chronic renal insufficiency prevalence to the increasing numbers of new ESRD cases during the study period. Methods Data Sources and Patients Studied Our analyses used data from the nationally representative Second and Third National Health and Nutrition Examination Surveys (NHANES II and III) and the comprehensive U.S. Renal Data System (USRDS) registry. The National Center for Health Statistics conducted NHANES II (19761980) (5) and III (19881994) (6) to provide data on the health and nutritional status of the noninstitutionalized U.S. population. The USRDS is a nationally comprehensive registry of ESRD treatment in the United States (2). Our analyses took advantage of the fact that both NHANES and USRDS apply to the entire U.S. population of black and white adults. Definition of Chronic Renal Insufficiency Chronic renal insufficiency was defined as a glomerular filtration rate (GFR) of 15 to 59 mL/min per 1.73 m2, corresponding to chronic kidney disease stages 3 and 4 of the recently proposed National Kidney Foundation classification (7). Glomerular filtration rate was estimated by using the simplified Modification of Diet in Renal Disease (MDRD) study equation (8, 9): GFR (mL/min per 1.73 m2) = 186 (serum creatinine level [mg/dL])1.154 (age)0.203 [0.742, if female] [1.212, if black] To correct for calibration differences in creatinine level measurements between MDRD and NHANES, we subtracted 0.23 mg/dL (20.4 mol/L) from all creatinine values in NHANES (10). We did not find any calibration differences between creatinine values in NHANES II and III. Specifically, the mean and median serum creatinine levels for white persons age 20 to 39 years without diabetes or hypertension in both NHANES II and III were 1.1 mg/dL (97.3 mol/L) in men and 0.9 mg/dL (79.6 mol/L) in women. Although serum creatinine level was to be measured in 14 479 NHANES II examinees age 12 to 74 years, data were missing for 28% (4018 examinees). The 2 most important reasons for these missing data were loss of specimen in shipping (13%) and low priority in cases of inadequate sera (11%) (creatinine was ranked 17 out of 18 assays). Among the 10 461 NHANES II examinees with measured creatinine levels, 8305 were 20 to 74 years of age and were classified as black or white by self-report. These 8305 individuals form the basis of our chronic renal insufficiency population estimation in 1978 (midpoint of NHANES II). In NHANES III, serum creatinine level was to be measured in 20 216 examinees age 12 years and older, but data were missing for 7% (1494 examinees). Among the 18 722 NHANES III examinees with measured creatinine levels, 13 350 were 20 to 74 years of age and were classified as black or white by self-report. These 13 350 individuals form the basis of our chronic renal insufficiency population estimation in 1991 (midpoint of NHANES III). We limited our analyses of chronic renal insufficiency prevalence to adults who were 20 to 74 years of age because NHANES II did not include adults older than 74 years. We also limited our analysis to persons classified as white or black to ensure compatible race classification across data sets. Ascertainment of New ESRD Cases Persons were defined as having ESRD if they received treatment with either dialysis or transplantation. Our birth cohort analysis assumed that adults age 25 to 79 years who developed ESRD in 1983 came from the source population with chronic renal insufficiency age 20 to 74 years in the United States sampled in NHANES II (midpoint, 1978). Similarly, adults age 25 to 79 years who developed ESRD in 1996 came from the source population with chronic renal insufficiency age 20 to 74 years in the United States sampled in NHANES III (midpoint, 1991). We chose the 5-year follow-up on the basis of the published rate of GFR loss among patients with chronic renal insufficiency, but we conducted sensitivity analyses that varied the follow-up interval from 3 to 8 years. We conducted stratified analyses within these birth cohorts by age, sex, race, and diabetes status. Diabetes mellitus was defined in NHANES as self-report of physician-diagnosed diabetes mellitus (excluding gestational-only diabetes). Previous studies have shown that underascertainment was similar in NHANES II and III when self-report was compared with fasting glucose level (11, 12). The patients' nephrologists determined whether diabetes was the primary cause of ESRD when reported to USRDS. Statistical Analysis In estimating population variables, the complex survey sampling design of NHANES and probability weights were considered by using the svymeans and svytab functions in Stata software, version 7.0 (Stata Corp., College Station, Texas). We addressed the problem of missing creatinine values by using standard methods for adjusting sampling weights for nonresponse (13, 14). Specifically, we inflated the weights for respondents with creatinine levels in each strata defined by age, sex, and race, so that the sum of the inflated weights is equal to the sum of the original weights for that entire stratum. This reweighting procedure provides unbiased estimates of population variables, assuming that creatinine values were randomly missing in each demographic subgroup. To estimate ESRD incidence among persons with chronic renal insufficiency, we computed the ratios of new ESRD cases reported in the USRDS for 1983 and 1996 divided by the population with chronic renal insufficiency estimated from NHANES II (midpoint, 1978) and NHANES III (midpoint, 1991), respectively. The increase in ESRD incidence in the population with chronic renal insufficiency was determined by dividing the ratio of the 1996 incidence by the 1983 incidence. The 95% CIs for this ratio accounted for variability in both the cases of chronic renal insufficiency (estimated by using standard methods for NHANES) and the cases of ESRD (assumed to be Poisson-distributed). A Bonferroni correction for the 2 sources of variability was made (15). Additional Analyses Using a Modeling Approach We conducted additional Poisson regression modeling to explore the contribution of temporal changes in the chronic renal insufficiency population to growth in ESRD incidence. In this analysis, new ESRD cases among persons 25 to 79 years of age in each year from 1985 to 1996 were tabulated and the incidence was determined in 8 demographic subgroups (cross-stratified by age, sex, and race). These subgroups were based on their population size in the U.S. Census 5 years before, defined by age (20 to 60 years or 61 to 74 years), sex, race (black or white), and year. For each of the 8 demographic subgroups, annual prevalence of chronic renal insufficiency from 1980 (first year after midpoint of NHANES II for which U.S. Census data on the demographic subgroup were available) to 1991 (midpoint of NHANES III) was estimated by linear interpolation from NHANES II to III. We first determined the unadjusted rate of increase in newly treated ESRD cases among adults age 25 to 79 years from 1985 to 1996. Our second model adjusted for simple changes in population size and demographic composition. We then adjusted for changes in the prevalence of chronic renal insufficiency (with the 5-year lag used in the birth cohort study) in our third model to investigate the extent to which increasing ESRD incidence could be attributed to increased chronic renal insufficiency prevalence. From the attenuation of the coefficient for calendar year across models, we inferred the degree to which these adjustments explained ESRD incidence over time. The effect of these multivariate adjustments on the temporal trend of ESRD growth was depic",https://www.semanticscholar.org/paper/a869b8ee1f64bcd2ae27b514c0a1261ee704b433,a869b8ee1f64bcd2ae27b514c0a1261ee704b433,26272602,10.7326/0003-4819-141-2-200407200-00007,False,N/A
"[Obstetrical brachial plexus palsy--etiopathogenesis, risk factors, prevention, prognosis].","Review, JournalArticle",2004-10-01,"Obstetrical brachial plexus palsy (OBP) complicates a small proportion of births. The incidence is believed to be 0.35 to 5 cases per 1000 live births. Risk factors of OBP included: 1/ large birth weight, 2/ shoulder dystocia and prolonged second stage of labour , 3/ instrumental vaginal delivery (forceps delivery, vacuum extraction), 4/ diabetes mellitus and mother's obesity, 5/ breech presentation, 6/ delivery an infant with OBP in an antecedent delivery. Historically, the cause of OBP was excessive lateral traction applied to the fetal head at delivery, in association with anterior shoulder dystocia. Not all cases of brachial plexus palsy are attributable to traction. Brachial plexus injury may be occurring in the absence of shoulder dystocia, in the posterior arm of infants with anterior shoulder dystocia and can be associated with cesarean delivery. Intrauterine factors may play some role in the etiology of the OBP. Many strategies have been proposed to prevent the occurrence of OBP--control of the birth weight, induction of labour, cesarean delivery, intensified management of gestational diabetes. About 10-20% of patients with injuries of the brachial plexus require surgical intervention for optimal results.",https://www.semanticscholar.org/paper/afdf824041c85108f28b11fd503d372f88dcab9a,afdf824041c85108f28b11fd503d372f88dcab9a,37455052,N/A,False,N/A
Weight Change and the Risk of Gestational Diabetes in Obese Women,JournalArticle,2004-11-01,"Background: Obesity is an established risk factor for gestational diabetes. It is not known whether this risk might be reduced through weight loss between pregnancies. We sought to determine whether weight loss between pregnancies reduced the risk of gestational diabetes among obese women. Methods: We conducted a population-based cohort study of 4102 women with 2 or more singleton live births in Washington State between 1992 and 1998. All subjects were nondiabetic and obese (at least 200 lbs) at their first birth during these years. Weight change was calculated as the difference between prepregnancy weight for the 2 pregnancies. We estimated relative risks of gestational diabetes at the subsequent delivery through stratified analyses and Mantel-Haenszel estimates. Results: Thirty-two percent of women lost weight between pregnancies, with a mean weight loss of 23 lbs. Women who lost at least 10 lbs between pregnancies had a decreased risk of gestational diabetes relative to women whose weight changed by less than 10 lbs (relative risk = 0.63; 95% confidence interval = 0.38–1.02, adjusted for age and weight gain during each pregnancy). Of the 61% of women who gained weight between pregnancies, the mean weight gain was 22 lbs. Women who gained at least 10 lbs had an increased risk of gestational diabetes (1.47; 1.05–2.04). Conclusions: Even moderate changes in prepregnancy weight can apparently affect the risk of gestational diabetes among obese women. This may offer further motivation for interventions aimed at reducing obesity among women of reproductive age.",https://www.semanticscholar.org/paper/b43c8ba41794e4be7da6381f366414cbc96fc8f4,b43c8ba41794e4be7da6381f366414cbc96fc8f4,25998851,10.1097/01.ede.0000142151.16880.03,True,N/A
Diabetes in Canadian Women,JournalArticle,2004-08-25,,https://www.semanticscholar.org/paper/b7dbe8117a85ac03008bc9b4416cd3a23f77f8ac,b7dbe8117a85ac03008bc9b4416cd3a23f77f8ac,17491313,10.1186/1472-6874-4-S1-S16,True,https://bmcwomenshealth.biomedcentral.com/counter/pdf/10.1186/1472-6874-4-S1-S16
Pharmacological treatment of insulin resistance at two different stages in the evolution of type 2 diabetes: impact on glucose tolerance and beta-cell function.,"JournalArticle, ClinicalTrial",2004-06-01,"The purpose of this study was to compare the impact of treating insulin resistance with a thiazolidinedione drug before vs. at the onset of diabetes on glucose levels and beta-cell function. Nondiabetic Hispanic women of Mexican or Central American descent with prior gestational diabetes mellitus (GDM) were randomized to troglitazone (early intervention), 400 mg/d, or placebo (later intervention). Women who developed diabetes were placed on open-label troglitazone. Glucose tolerance, insulin resistance, and beta-cell function were measured at randomization, at the diagnosis of diabetes, and 8 months post trial to determine the long-term impact of the two treatment strategies on glucose levels and beta-cell function. During a mean follow-up of 4.3 yr between baseline and posttrial tests, glucose tolerance (oral glucose tolerance test glucose area, P = 0.04) and insulin resistance (MINMOD SI, P = 0.02) worsened more in women randomized to late intervention (n = 69) than to early intervention (n = 57). Insulin secretion (acute insulin response in the iv glucose tolerance test, P = 0.09) and beta-cell compensation for insulin resistance (disposition index, P = 0.07) also tended to worsen more in the late intervention group. Among women in the late intervention group who developed diabetes, oral glucose tolerance test glucose area (P = 0.0001) and beta-cell function (P < or = 0.04) deteriorated significantly during development of diabetes on placebo and then did not change significantly (P > 0.50) during treatment with troglitazone and posttreatment washout. In high-risk Hispanic women, amelioration of insulin resistance can stabilize glycemia at the time diabetes develops. These findings highlight the role of insulin resistance in the genesis of progressive beta-cell dysfunction during the evolution of type 2 diabetes.",https://www.semanticscholar.org/paper/cb605e404647a4ebd6a36cff011ad43d1ee14f0b,cb605e404647a4ebd6a36cff011ad43d1ee14f0b,24804877,10.1210/JC.2003-032044,True,https://academic.oup.com/jcem/article-pdf/89/6/2846/10744274/jcem2846.pdf
An ounce of prevention: the evidence supporting periconception health care.,"Review, JournalArticle",2004-02-01,"s of Reviews of Effects, Cochrane Central Register of Controlled Trials, and the American College of Physicians Journal Club. We selected the areas with the strongest evidence available for reduction of congenital anomalies available for review. We also focused on subjects whose interventions proved to be effective in improving neonatal outcomes. T H E E V I D E N C E S U P P O R T I N G P E R I C O N C E P T I O N H E A LT H C A R E 128 FEBRUARY 2004 / VOL 53, NO 2 · The Journal of Family Practice (USPSTF) recommended women of childbearing age consume 0.4 mg/d folic acid, but it did not make a recommendation on the form of folic acid. Patient education that works Women in the US are not fully aware of the benefits of taking multivitamins with folic acid prior to conception and during pregnancy. A 2002 survey showed that only 20% of women knew that folic acid could prevent certain birth defects. Even fewer women knew they have to take folic acid prior to conception (7% in the survey). Though many studies have shown that education increases awareness about folic acid, only a few have investigated if awareness leads to changes in behavior. In highly motivated women, education does appear to influence behavior changes. A study in Texas showed that women who had children with neural tube defects and had received advice about taking folic acid acid. A Cochrane meta-analysis demonstrated a 3-fold decreased risk of a first neural tube defect if women took folic acid. The absolute risk of neural tube defects decreased from 10.2/1000 in the control group to 2.4/1000 in the folic acid group. The NNT to prevent 1 neural tube defect was 847. Studies have shown that periconception multivitamin intake confers other benefits as well: decreased risk of genitourinary malformations, cleft lip and cleft palate, and neuroectodermal tumors in offspring. In all studies, the multivitamins contained folic acid, but most studies were unable to look at folic acid independently. Optimal dose of folic acid Studies have attempted to determine the most beneficial dose of folic acid and how it should be consumed (ie, diet, supplementation, fortification). Study results, however, are conflicting. In 1992, the US Preventive Services Task Force Effective smoking cessation interventions Number Number of Intervention of studies participants OR* (95% CI) NNT Brief physician advice 16 13,575 1.69 (1.45–1.98) 58 Telephone counseling 13 16,462 1.56 (1.38–1.77) 40 Nicotine replacement 97 37,760 1.74 (1.64–1.86) 16 therapy Group therapy vs 16 4395 1.97 (1.57–2.48) 22 self-help Group therapy vs 6 775 2.19 (1.42–3.37) 10 no treatment Bupropion 16 5374 1.97 (1.67–2.34) 11 Nortriptyline 5 861 2.80 (1.81–4.32) 9 Smoking cessation 34 9945 1.89 (1.67–2.13) 16 interventions in pregnancy *Odds ratio for successful smoking cessation. For an explanation of odds ratios, see the Language of Evidence, page 108. OR, odds ratio; CI, confidence interval; NNT, number needed to treat TA B L E T H E E V I D E N C E S U P P O R T I N G P E R I C O N C E P T I O N H E A LT H C A R E FEBRUARY 2004 / VOL 53, NO 2 · The Journal of Family Practice 129 prior to subsequent pregnancies were more likely to use supplements than women who did not receive this advice. Another study looked at women planning a pregnancy who had preconception counseling. Counseling about folic acid increased folic acid intake. The USPSTF expected a 70% decrease in incidence of neural tube defects if its 1992 recommendation was followed. In 1998, the Food and Drug Administration began requiring the fortification of cereal grains at the level of 140 μg/100 g grain. This was expected to increase the intake of folate in women by 100 μg/d and decrease the incidence of neural tube defects by 20%. Data from the Centers for Disease Control and Prevention (CDC) has shown that folate status had improved significantly in women of childbearing age, and the incidence of neuroblastoma has decreased by 19%, from 37.8/100,000 prior to supplementation to 30.5/100,000 since fortification became mandatory. Applying the evidence Increased folic acid intake significantly decreases neural tube defects. Education about folic acid increases vitamin use in motivated women (SOR: A). Folic acid supplementation of food is an effective population-based intervention to reduce neural tube defects (SOR: B). Folic acid intake by women decreases genitourinary and cleft-lip malformations and neuroblastoma in their infants (SOR: B). ■ DIABETES MELLITUS Estimates of pregestational diabetes in women of childbearing age range from 1.9% to 3.5%. Diabetes has been associated with decreased fertility, spontaneous abortions, and congenital anomalies. Several studies have correlated spontaneous abortion rates with hemoglobin A1c values at the time of conception (LOE: 2a). Glycemic control reduces spontaneous abortions One prospective trial compared the spontaneous abortion rate in diabetic women who receive intensive preconception insulin therapy with the rate in women who receive usual care (LOE: 2b). A spontaneous abortion rate of 8.4% occurred in the preconception treatment group compared with 28% in the pregnancy care–only group (NNT=5). Limitations of this study include the small number of participants and the lack of randomization. However, given all the benefits of improved glycemic control, preconception glycemic control is recommended to reduce the spontaneous abortion rate in diabetic women (SOR: B). Other benefits of glycemic control Major congenital malformations occur in 4% to 11% of infants of diabetic mothers compared with a background rate of 1.2% to 2.1%. Higher values of hemoglobin A1c in the first trimester have been associated with these increased rates of congenital anomalies. However, it is not clear if the association is linear or if a threshold level of hemoglobin A1c exists, above which the anomaly rate increases. Anomalies most commonly occur in the cardiovascular, skeletal, and central nervous systems before 8 weeks gestational age. Therefore, the critical time for preventing congenital anomalies is before conception. Preconception care reduces anomalies overall One meta-analysis of 16 studies provides evidence for the value of preconception care in reducing congenital anomalies due to diabetes mellitus. The interventions included both inpatient and outpatient optimization of glucose control. The analysis reviews 8 prospective and 8 retrospective cohort studies with a total of 2651 offspring. The results of all 16 studies were consistent. Hemoglobin A1c values were significantly lower in the preconception care group. The overall rate for major congenital anomalies was 2.1% in the A 2002 survey showed that only 20% of women know that folic acid can prevent certain birth defects T H E E V I D E N C E S U P P O R T I N G P E R I C O N C E P T I O N H E A LT H C A R E 130 FEBRUARY 2004 / VOL 53, NO 2 · The Journal of Family Practice in the control group (LOE: 2b). Women with epilepsy who were not on medications had a similar anomaly rate to the control group. The medications primarily associated with congenital anomalies were valproic acid, carbamazepine, and phenytoin; polytherapy was associated with a higher anomaly rate. The data on newer antiepileptic medications (eg, gabapentin, lamotrigine, oxcarbazepine, tiagabine, topiramate, and vigabatrin) are insufficient to determine if anomaly rates are increased among fetuses exposed to them. Because folic acid supplementation has been associated with lower rates of infants with neural tube defects, higher-dose folic acid supplementation (1–4 mg/d) has been recommended for women with epilepsy (LOE: 5). Change treatment before conception One cohort study has examined the effectiveness of preconception counseling for women with epilepsy. The investigators compared women referred to a preconception epilepsy clinic with women who presented during pregnancy. In the preconception group, all women were placed on folic acid, two thirds were shifted to monotherapy prior to conception, and 6% were able to stop their epilepsy medications. The epilepsy clinic followed a protocol for confirming the diagnosis of epilepsy, determining if a woman was a candidate to discontinue medications, avoiding use of phenytoin and valproic acid, and switching as many women to monotherapy as possible. The preconception care group had no major fetal malformations, compared with 18% in the pregnancy group (NNT=6) (LOE: 2b). Applying the evidence On the basis of this study, women with epilepsy who are considering pregnancy should be switched to monotherapy and potentially less teratogenic medications (when possible), and should receive at least 1 mg/d folic acid prior to conception (SOR: B). preconception group compared with 6.5% in the pregnancy care group (NNT=23) (LOE: 2a). The studies with the lowest anomaly rates had a premeal glucose target of <120 mg/dL, and participants injected insulin 4 times daily. A cost-benefit analysis based on a mathematical model of preconception diabetic care calculated that intensive preconception care for women with diabetes would save an average of $1720 per enrollee when adverse maternal and neonatal outcomes are taken into account. Intensive preconception glycemic control helps prevent major congenital anomalies in children born to women with diabetes (SOR: B). ■ EPILEPSY Compared with healthy women, women with epilepsy have higher rates of infertility and miscarriage and higher rates of infants with congenital anomalies (4%–8%; mainly neural tube defects and heart defects). Therefore, women with epilepsy (5.6/1000 among women aged 15 to 64) should receive special attention to preconception care. Adding to the urgency for counseling is the fact that medications for epilepsy can reduce the effectiveness of some forms of hormonal contraception. Medications are the problem A source of debate has been whether the increased rate of anomalies is due to epilepsy or the medica",https://www.semanticscholar.org/paper/cc15edcc916bdb5014bd2bbb49221c151bd4a2b0,cc15edcc916bdb5014bd2bbb49221c151bd4a2b0,44679565,N/A,False,N/A
Timing of Delivery in Multiple Gestation,"Review, JournalArticle",2004-03-01,"Introduction The incidence of multiple gestations in Western countries is increasing. The rate of twin pregnancies increased by 50% to 60% in England, France, and the United States between the mid-1970s and 1998. The rates of triplet or higher-order multiple pregnancies increased by 310% in France and 430% in England and Wales. The increase in multiple births in the last decade of the century has been accompanied by a significant increase in prematurity and its sequelae. Problems of prematurity in multiple gestations are covered elsewhere in this review. This chapter will focus on determining the appropriate timing for intervention in multiple gestations that progress to term or near term; an area that is often overlooked because of the more looming problems of prematurity. The discussion will be devoted primarily to twin pregnancies because these are the most likely of the multiple gestations to progress to term and for whom there is significantly more data available. Perinatal Risks Late in Gestation Maternal complications such as preeclampsia, gestational diabetes, respiratory difficulty, ambulatory problems, maternal exhaustion, and dependent edema are increased in pregnancies complicated by multiples. Some of these disorders such as severe preeclampsia mandate delivery but most just lead to an intense desire on the part of both the physician and patient to proceed with delivery as soon as possible. In addition to these and other maternal complications, there are fetal complications that are either seen with increased frequency in multiples or are unique to multiple gestations. In general, these fetal complications, such as IUGR, become more prevalent as the gestation advances. These require consideration in the antenatal management of multiple gestations and in the ultimate determination of the optimal timing of delivery.",https://www.semanticscholar.org/paper/e6a3cc8f2c50811cd5730e1b60bd473511f1dba5,e6a3cc8f2c50811cd5730e1b60bd473511f1dba5,35103147,10.1097/00003081-200403000-00024,False,N/A
Insulin resistance in patients with polycystic ovary syndrome,"Review, JournalArticle",2004-01-01,"With a prevalence of 5%–10% the polycystic ovary syndrome (PCOS) is an exceptionally common disorder of premenopausal women. According to prospective studies, women with PCOS present abnormal glucose tolerance and diabetes mellitus in 31%–35% and 7.5%–10%, respectively. PCOS patients have a higher prevalence of cardiovascular risk factors such as hypertension, type 2 diabetes and dyslipidaemia. The rate of spontaneous abortions as well as the risk to develop gestational or type 2 diabetes is increased in PCOS. Therefore, PCOS is not only a reproductive problem but a complex endocrine disease with important health implications. The role of the glucose metabolism in PCOS, the health consequences and possible interventions are reviewed in this article.",https://www.semanticscholar.org/paper/eb5b9c15ff712d74bdae3b384742df78864efaa2,eb5b9c15ff712d74bdae3b384742df78864efaa2,37381394,10.1080/07853890410035296,False,N/A
Intrahepatic lipids are predicted by visceral adipose tissue mass in healthy subjects.,JournalArticle,2004-11-01,"Intracellular fat accumulation in the liver (1) and abdominal obesity (2–4) have both been related to reduced insulin action. An association between visceral and hepatic lipids has been demonstrated in healthy subjects and patients with type 2 diabetes (5). However, this association was not found in a cohort of nondiabetic subjects (1,6,7).

The aim of the present study was to analyze the relationships between body fat distribution and hepatic lipids (measured using 1H-magnetic resonance spectroscopy) in a large heterogeneous cohort of healthy subjects at increased risk of type 2 diabetes. For this purpose, we used a whole-body magnetic resonance imaging scan to measure various fat depots.

Subjects ( n = 78) were selected from TULIP (Tubingen Lifestyle Intervention Program). Persons recruited for TULIP are healthy subjects at increased risk for type 2 diabetes, namely family members of type 2 diabetic patients, obese or overweight subjects (BMI >27 kg/m2), subjects with impaired glucose tolerance, and women with a history of gestational diabetes. Subjects with clinically suspected alcohol abuse were excluded from the study. All subjects included in the present study were studied before starting a standardized exercise and dietary intervention program. The local ethics committee approved all protocols, and all subjects gave informed written consent.

### Magnetic resonance examinations

A whole-body imaging protocol was applied for recording a set of 90–120 parallel transverse slices. Slice thickness was 10 mm for the entire body, with interslice gaps of 10 mm. T1-weighted contrast was applied, allowing semiautomatic quantitative assessment of fatty tissue and other tissue types in each cross section (Fig. 1 A , a and b ). Hepatic …",https://www.semanticscholar.org/paper/f414e0d7841c942813fb3109e8b800b4fb9c0299,f414e0d7841c942813fb3109e8b800b4fb9c0299,29758705,10.2337/DIACARE.27.11.2726,True,https://diabetesjournals.org/care/article-pdf/27/11/2726/562451/zdc01104002726.pdf
