Title,Publication Type,Publication Date,Abstract,Full Text URL,Paper ID,Corpus ID,DOI,Is Open Access,Open Access PDF
[Women and cardiovascular disease].,"Review, JournalArticle",2006-09-16,"More women die of cardiovascular disease than men; in women, cardiovascular mortality is 1.5 times greater than cancer mortality. The pathophysiology of cardiovascular disease has female-specific aspects such as fragile coronary arteries and microvascular ischaemia. Women with acute coronary syndromes are more likely to present with atypical symptoms such as dyspnoea, nausea or fatigue. With regard to diagnostic tests in women, exercise ECG can be difficult to interpret and a normal coronary angiogram does not exclude coronary heart disease. Myocardial perfusion scintigraphy may be considered for high-risk women who are clinically suspected of having coronary heart disease and have a normal or inconclusive exercise ECG and angiogram. Women are less likely to be treated according to guidelines than men, and their prognosis after a myocardial infarction or a coronary intervention is worse. Female-specific aspects such as gestational hypertension and diabetes allow for early detection and treatment of women at risk for cardiovascular disease.",https://www.semanticscholar.org/paper/01b3cc9bc83acc4a0df031f70c7aa0b313f62195,01b3cc9bc83acc4a0df031f70c7aa0b313f62195,77648599,N/A,False,N/A
Does treatment of gestational diabetes mellitus affect pregnancy outcome?,"Study, JournalArticle",2006-02-01,,https://www.semanticscholar.org/paper/0201bf9c97eccde751fae4bf1038b6419572b174,0201bf9c97eccde751fae4bf1038b6419572b174,34906276,10.1038/ncpendmet0081,False,N/A
The influence of maternal weight and glucose tolerance on infant birthweight in Latino mother-infant pairs.,"JournalArticle, Review",2006-12-01,"OBJECTIVES
We assessed the influence of maternal anthropometric and metabolic variables, including glucose tolerance, on infant birthweight.


METHODS
In our prospective, population-based cohort study of 1041 Latino mother-infant pairs, we used standardized interviews, anthropometry, metabolic assays, and medical record reviews. We assessed relationships among maternal sociodemographic, prenatal care, anthropometric, and metabolic characteristics and birthweight with analysis of variance and bivariate and multivariate linear regression analyses.


RESULTS
Forty-two percent of women in this study entered pregnancy overweight or obese; at least 36% exceeded weight-gain recommendations. Twenty-seven percent of the women had at least some degree of glucose abnormality, including 6.8% who had gestational diabetes. Maternal multiparity, height, weight, weight gain, and 1-hour screening glucose levels were significant independent predictors of infant birthweight after adjustment for gestational age.


CONCLUSION
Studies of birthweight should account for maternal glucose level. Given the increased risk of adverse maternal and infant outcomes associated with excessive maternal weight, weight gain, and glucose intolerance, and the high prevalence of these conditions and type 2 diabetes among Latinas, public health professionals have unique opportunities for prevention through prenatal and postpartum interventions.",https://www.semanticscholar.org/paper/0aff9b69eb0aaecccce88bfb6c0571e34706e110,0aff9b69eb0aaecccce88bfb6c0571e34706e110,27613925,10.2105/AJPH.2005.065953,True,N/A
[Gestational diabetes in women from South Asia].,"Review, JournalArticle",2006-04-06,"BACKGROUND
The number of patients with diabetes is growing worldwide. In particular this increase, most pronounced for type 2 diabetes, affects South-Asians. In Norway pregnant women originating from this region are more prone to gestational diabetes than ethnic Norwegians. More knowledge is needed to prevent and treat this disease effectively. Here we give a brief overview of the epidemiology and risk factors associated with gestational diabetes.


MATERIALS AND METHODS
Information related to gestational diabetes was obtained from various databases, including PubMed, HighWire and Ovid, in addition to our own experience.


RESULTS AND INTERPRETATION
Some methodological aspects preclude a definite assessment of the true extent of gestational diabetes nationally as well as internationally. About 0.01 3% of Caucasian pregnancies are affected while the corresponding number among South-Asian women is 5 to 10 times higher. Most studies identify obesity as an important risk factor. Generally, advice on diet and physical activity can prevent diabetes. Similar interventions might also be useful among the increasing population of immigrant fertile women in Norway.",https://www.semanticscholar.org/paper/15559358df06512a2bbf45b0b4ba6260e0618d32,15559358df06512a2bbf45b0b4ba6260e0618d32,770904,N/A,False,N/A
[Effects of dietary fat on onset of gestational diabetes mellitus].,JournalArticle,2006-11-01,"OBJECTIVE
To explore the effects of dietary fat on gestational diabetes mellitus (GDM).


METHODS
Nulliparous pregnant women with GDM (GDM group, n = 85) were compared with normal pregnant women (normal pregnant group, NP group, n = 159). A 24 hours recall dietary assessment was obtained before dietary intervention. From the dietary record a list of the amount of foods consumed, were entered into a software program. The analysis was focused on three nutrients (carbohydrate, protein and fat), especially on dietary fat and fat subtypes.


RESULTS
(1) Total calorie per day in GDM group (8970 +/- 2115) kJ was higher than that in NP group (8799 +/- 1785) kJ, but there was no significant difference between two groups (P > 0.05). (2) Carbohydrate, protein and fat intake in GDM group (as % kJ) was 51.9 +/- 7.2, 17.5 +/- 0.9 and 30.6 +/- 1.3, respectively. Carbohydrate, protein and fat intake in NP group (as % kJ) was 53.6 +/- 8.1, 18.3 +/- 1.1 and 28.1 +/- 2.3 respectively. Fat intake (as % kJ) in GDM group was significantly higher than that in NP group (P < 0.05), while carbohydrate and protein intake (as % kJ) in GDM group was not significantly different compared with NP group (P > 0.05). (3) Polyunsaturated fatty acids (PUFA) in GDM group (as % kJ) (8.3 +/- 0.5) was lower than that in NP group (10.1 +/- 0.4) (P < 0.05), but saturated fatty acids (SFA) in GDM group (as % kJ) (15.2 +/- 0.4) was higher than that in NP group (11.7 +/- 0.6) (P < 0.05). Although monounsaturated fatty acids (MUFA) in GDM group (as % kJ) (7.1 +/- 0.5) was higher than that in NP group (6.3 +/- 0.3), there was no significant difference between two groups.


CONCLUSION
High dietary fat, high SFA and low PUFA may be one of the high-risk factors triggering GDM.",https://www.semanticscholar.org/paper/17385d8f10e17d373a5f839c136128248def1594,17385d8f10e17d373a5f839c136128248def1594,31184299,N/A,False,N/A
Commentary: Of HOPEs and DREAMs: the quest to prevent type 2 diabetes.,JournalArticle,2006-12-01,"The old adage that “prevention is better than cure” holds particularly well for a chronic disease like type 2 diabetes, withitsepidemicscaleandmultiplecripplingcomplications. Clearly, any intervention that can halt this epidemic safely and effectively will have huge public health implications. Several clinical trials have therefore attempted to address the question of preventing diabetes. Among these, the Diabetes Prevention Program clearly demonstrated that intensive lifestyle change was effective not only in decreasing the progression of impaired glucose tolerance to diabetes, but was also associated with significant improvement in other cardiovascular risk factors (1). The Finnish Diabetes Prevention Study reported similar findings (2). One would think that therein lies the simple answer to diabetes prevention. Unfortunately,translationoftheseresultstothegeneralpublic has been difficult. Large, randomized trials have also assessed the potential of the medications metformin (Diabetes Prevention Program) and acarbose (STOP-NIDDM) to slow the progression to diabetes, and these have both demonstrated some benefit (1, 3). When one compares the results in the Diabetes Prevention Program, metformin was only abouthalfaseffectiveaswasintensivelifestylechange.Acarbose, although not compared head-to-head with intensive lifestyle,appearstobenobetterthanmetformin.Atthistime, neither of these drugs is currently approved for diabetes prevention. Whether they ever will be approved is another question. With the availability of other classes of agents with different mechanisms of action, many pharmaceutical companies and clinical trialists continue to investigate the effect of pharmacological therapy to prevent diabetes. The most recent large clinical trial to address the prevention of diabetes has been the Diabetes Reduction Assessment with Ramipril and Rosiglitazone (DREAM) trial (4, 5), for which there was a good rationale. First, post hoc analyses of a variety of studies have shown that blockade of the reninangiotensinsystemdecreasesincidentdiabetes.Inparticular, the HOPE study demonstrated a significant reduction in new-onset diabetes in people with increased cardiovascular risks (6). Second, rosiglitazone is a thiazolidinedione insulinsensitizer, and a previous drug in this class, which is no longer available, had been shown to prevent diabetes in a small single-center study in Hispanic women with a history of gestational diabetes (7); the same was suggested in a discontinued arm in the Diabetes Prevention Program (8). The DREAM trial was an international effort performed in 5269 individuals (59% women) of whom 44% had a history of hypertension, 44% were current or former smokers, and 36% had dyslipidemia. The results of the study were mixed (4, 5), which for the most part was not unexpected. The effect of ramipril (titrated to 15 mg/d) on glucose metabolism was small. Although the study demonstrated a modest glucoselowering effect, the drug did not slow the rate of development of diabetes. In contrast, rosiglitazone (titrated to 8 mg/d) very significantly reduced the development of diabetes by some 60% in this relatively healthy population with impaired fasting glucose or impaired glucose tolerance.",https://www.semanticscholar.org/paper/26152fe4a926938c146feae07f6558c06f84a275,26152fe4a926938c146feae07f6558c06f84a275,8218122,10.1210/JC.2006-2164,True,https://academic.oup.com/jcem/article-pdf/91/12/4762/9059478/jcem4762.pdf
Reductions in caloric intake and early postnatal growth prevent glucose intolerance and obesity associated with low birthweight,JournalArticle,2006-06-08,,https://www.semanticscholar.org/paper/2875625375d30d0e1be3a3f7bd6efc71caa6a1a5,2875625375d30d0e1be3a3f7bd6efc71caa6a1a5,24417859,10.1007/s00125-006-0311-7,True,https://link.springer.com/content/pdf/10.1007/s00125-006-0311-7.pdf
Hypoglycemia in infants of diabetic mothers: experience in a rural hospital.,"JournalArticle, Review",2006-02-01,"The purpose of this study was to identify which factors contribute to neonatal hypoglycemia in infants of diabetic mothers. A chart review of infants of diabetic mothers was undertaken noting the timing of blood glucose levels, symptoms of hypoglycemia, and interventions provided. The impact of maternal and gestational factors was assessed using marginal mixed models and Poisson regression. Of the 66 infants who had blood glucose determinations, none developed symptomatic hypoglycemia and none required intravenous glucose. The first 90 minutes of life had the lowest mean blood glucose level (mean, 3.01 mmol/L [54.24 mg/dL]) and nearly all of the blood glucose levels < 1.7 mmol/L (30 mg/dL). The risk of a blood glucose level < 1.7 mmol/L decreased with maternal age. With presumably tighter control of gestational diabetes, the risk of symptomatic hypoglycemia appears diminished. If glucose monitoring of asymptomatic newborns is to be performed, it need only be done in the first 2 hours of life.",https://www.semanticscholar.org/paper/2d3a2436686d75f5f3d7870623673a07f913c70d,2d3a2436686d75f5f3d7870623673a07f913c70d,32448520,10.1055/S-2006-931913,False,N/A
Preconception Care and Women with or at Risk for Diabetes: Implications for Community Intervention,"Review, JournalArticle",2006-07-01,,https://www.semanticscholar.org/paper/2e65f54c6d0864160afe324e19cc4c871c254396,2e65f54c6d0864160afe324e19cc4c871c254396,14661067,10.1007/s10995-006-0098-7,True,https://link.springer.com/content/pdf/10.1007/s10995-006-0098-7.pdf
Plasma homocysteine concentrations in young individuals at increased risk of type 2 diabetes are associated with subtle differences in glomerular filtration rate but not with insulin resistance.,JournalArticle,2006-06-01,"Plasma homocysteine levels are elevated in individuals with type 2 diabetes contributing to the increased cardiovascular risk of these patients. As insulin resistance is a key feature in type 2 diabetic patients, hyperhomocysteinemia might be a consequence of insulin resistance. We studied this hypothesis in 839 individuals(male: 302, female: 537, mean age: 37.5 years) with a higher prevalence of insulin resistance (positive family history of type 2 diabetes, history of gestational diabetes, overweight). Subjects with overt type 2 diabetes or known kidney disease were excluded from the study. Mean plasma homocysteine concentration was 8.9 micromol/l (95% RCI 4.8-14.9). Adjusted for age and sex we could not find a significant correlation between homocysteine levels and BMI, insulin levels, or the insulin sensitivity-index (r = 0.35; p = 0.48). Furthermore, after a successful lifestyle intervention resulting in a significant decrease in BMI, body fat content and improved insulin sensitivity (p < 0.0001 each) no differences in homocysteine concentrations could be achieved. However,in the cross-sectional analysis we found a significant and independent, negative correlation between glomerular filtration rate (GFR) and homocysteine levels (r = -0.37; p < 0.0001). In conclusion, our study did not reveal a significant association between levels of homocysteine and insulin resistance in a population with an increased risk for type 2 diabetes. However, plasma homocysteine levels were related to subtle differences in kidney function at this early stage.",https://www.semanticscholar.org/paper/3b4130cbd8c87d51e9ae01cbdefdd4e31b53a23b,3b4130cbd8c87d51e9ae01cbdefdd4e31b53a23b,28987644,10.1055/S-2006-924073,False,N/A
Metformin use and diabetic pregnancy—has its time come?,JournalArticle,2006-03-01,"The prevalence of Type 2 diabetes in women of childbearing age continues to grow as the incidence of Type 2 diabetes increases. Recent evidence shows that treatment of gestational diabetes ensures the best possible outcome for pregnancy complicated by gestational diabetes. Metformin is a logical treatment in these circumstances but there has always been concern about its safety for the fetus, particularly as it crosses the placenta and it may increase the risk of teratogenesis. Although evidence is accumulating that metformin is useful and has a role in polycystic ovary syndrome, a condition of insulin resistance, it is not yet accepted as treatment for Type 2 diabetes in pregnancy and gestational diabetes. Observational data supports the use of metformin in Type 2 diabetes in pregnancy and its role in gestational diabetes is currently under investigation. Metformin may become an important treatment for women with either gestational or Type 2 diabetes in pregnancy and indeed may have additional important benefits for women, including reducing insulin resistance, body weight and long‐term risk of diabetes. There is a need for a randomized controlled trial in women with Type 2 diabetes in pregnancy with long‐term follow‐up of both mothers and children. Until then the best advice remains that optimized glycaemic control prior to conception and during pregnancy is the most important intervention for best possible pregnancy outcome.",https://www.semanticscholar.org/paper/44213003a65fc5a6bd363372cd359caa18b44958,44213003a65fc5a6bd363372cd359caa18b44958,26973535,10.1111/j.1464-5491.2006.01856.x,False,N/A
Late pregnancy complications in polycystic ovarian syndrome.,JournalArticle,,,https://www.semanticscholar.org/paper/4e3317c73192b77dca8c5ba0028716ee47f9bdd0,4e3317c73192b77dca8c5ba0028716ee47f9bdd0,11735885,10.1007/978-1-59745-310-3_15,False,N/A
Hypertension and the pregnancy complicated by diabetes,"Review, JournalArticle",2006-08-01,,https://www.semanticscholar.org/paper/5428f9fd22bdb37e30053ea73f81d5d903404174,5428f9fd22bdb37e30053ea73f81d5d903404174,2430661,10.1007/S11892-006-0064-1,False,N/A
Does emotional stress play a role in the initiation of autoimmune diabetes in infancy?,JournalArticle,2006-06-01,,https://www.semanticscholar.org/paper/5a9e48bdb2f2fce6dec8cc184b251b6f0d8f067b,5a9e48bdb2f2fce6dec8cc184b251b6f0d8f067b,26485098,10.1038/ncpendmet0191,False,N/A
Long-term metabolic consequences of being born small for gestational age,JournalArticle,2006-05-01,"During the last 15 years, a number of long-term health risks associated with reduced fetal growth have been identified, including cardiovascular diseases and the insulin-resistance syndrome or one of its components: hypertension, dyslipidemia, impaired glucose tolerance or Type 2 diabetes. A common feature of these conditions is the presence of high insulin levels, which are thought to play a pathogenic role. However, despite abundant data in the literature, it is still difficult to trace the pathway by which fetal events, environmental or not, may lead to the increased morbidity later in life. To explain this association, several hypotheses have been proposed pointing to the critical role of either a detrimental fetal environment or a genetic susceptibility, or indicating interaction of both. Clearly, not all subjects born small for gestational age are at the same risk of developing these complications. It appears that individuals at particular risk are those who were thin at birth and had a subsequent catch-up in body mass index, irrespective of the degree of adiposity in adulthood. It is suggested that this particular dynamic change in adiposity has a critical role in the development of long-term metabolic complications. Therefore, it is important to consider the relative impact of early postnatal events in relation to fetal growth to the diseases risk throughout life in forming health policy strategies towards eventual early interventions.",https://www.semanticscholar.org/paper/85decae02b6b6f510ee544a932bc37c5c8c8fafd,85decae02b6b6f510ee544a932bc37c5c8c8fafd,23650359,10.1586/17446651.1.3.439,False,N/A
Perinatal brachial plexus palsy.,"JournalArticle, Review",2006-02-01,"BACKGROUND
Perinatal brachial plexus palsy (PBPP) is a flaccid paralysis of the arm at birth that affects different nerves of the brachial plexus supplied by C5 to T1 in 0.42 to 5.1 infants per 1000 live births.


OBJECTIVES
To identify antenatal factors associated with PBPP and possible preventive measures, and to review the natural history as compared with the outcome after primary or secondary surgical interventions.


METHODS
A literature search on randomized controlled trials, systematic reviews and meta-analyses on the prevention and treatment of PBPP was performed. EMBASE, Medline, CINAHL and the Cochrane Library were searched until June 2005. Key words for searches included 'brachial plexus', 'brachial plexus neuropathy', 'brachial plexus injury', 'birth injury' and 'paralysis, obstetric'.


RESULTS
There were no prospective studies on the cause or prevention of PBPP. Whereas birth trauma is said to be the most common cause, there is some evidence that PBPP may occur before delivery. Shoulder dystocia and PBPP are largely unpredictable, although associations of PBPP with shoulder dystocia, infants who are large for gestational age, maternal diabetes and instrumental delivery have been reported. The various forms of PBPP, clinical findings and diagnostic measures are described. Recent evidence suggests that the natural history of PBPP is not all favourable, and residual deficits are estimated at 20% to 30%, in contrast with the previous optimistic view of full recovery in greater than 90% of affected children. There were no randomized controlled trials on nonoperative management. There was no conclusive evidence that primary surgical exploration of the brachial plexus supercedes conservative management for improved outcome. However, results from nonrandomized studies indicated that children with severe injuries do better with surgical repair. Secondary surgical reconstructions were inferior to primary intervention, but could still improve arm function in children with serious impairments.


CONCLUSIONS
It is not possible to predict which infants are at risk for PBPP, and therefore amenable to preventive measures. Twenty-five per cent of affected infants will experience permanent impairment and injury. If recovery is incomplete by the end of the first month, referral to a multidisciplinary team is necessary. Further research into prediction, prevention and best mode of treatment needs to be done.",https://www.semanticscholar.org/paper/882fca8393216cf6bd8399c6c5fe84887ea38612,882fca8393216cf6bd8399c6c5fe84887ea38612,35520756,10.1093/PCH/11.2.93,True,https://academic.oup.com/pch/article-pdf/11/2/93/11014995/pch11093.pdf
Exercise for diabetic pregnant women.,"Review, MetaAnalysis, JournalArticle",2006-07-19,"BACKGROUND
Diabetes in pregnancy may result in unfavourable maternal and neonatal outcomes. Exercise was proposed as an additional strategy to improve glycaemic control. The effect of exercise during pregnancies complicated by diabetes needs to be assessed.


OBJECTIVES
To evaluate the effect of exercise programs, alone or in conjunction with other therapies, compared to no specific program or to other therapies, in pregnant women with diabetes on perinatal and maternal morbidity and on the frequency of prescription of insulin to control glycaemia. To compare the effectiveness of different types of exercise programs on perinatal and maternal morbidity.


SEARCH STRATEGY
We searched the Cochrane Pregnancy and Childbirth Group's Trials Register (31 December 2005).


SELECTION CRITERIA
All known randomised controlled trials evaluating the effect of exercise in diabetic pregnant women on perinatal outcome and maternal morbidity.


DATA COLLECTION AND ANALYSIS
We evaluated relevant studies for meeting the inclusion criteria and methodological quality. Three review authors abstracted the data. For all data analyses, we entered data based on the principle of intention to treat. We calculated relative risks and 95% confidence intervals for dichotomous data.


MAIN RESULTS
Four trials, involving 114 pregnant women with gestational diabetes, were included in the review. None included pregnant women with type 1 or type 2 diabetes. Women were recruited during the third trimester and the intervention was performed for about six weeks. The programs generally consisted in exercising three times a week for 20 to 45 minutes. We found no significant difference between exercise and the other regimen in all the outcomes evaluated.


AUTHORS' CONCLUSIONS
There is insufficient evidence to recommend, or advise against, diabetic pregnant women to enrol in exercise programs. Further trials, with larger sample size, involving women with gestational diabetes, and possibly type 1 and 2 diabetes, are needed to evaluate this intervention.",https://www.semanticscholar.org/paper/9a8c09f5239bd838952522ec162db8e3cbb47494,9a8c09f5239bd838952522ec162db8e3cbb47494,5724747,10.1002/14651858.CD004225.PUB2,True,N/A
Glucose tolerance of offspring of mother with gestational diabetes mellitus in a low‐risk population,JournalArticle,2006-05-01,Aims  To describe the prevalence of impaired glucose tolerance and obesity in offspring of mothers whose pregnancies were complicated by gestational diabetes mellitus (GDM) in a low‐risk population and to investigate the effect on these outcomes of minimal intervention compared with tight control for management of GDM.,https://www.semanticscholar.org/paper/9b2f773a683bad3a7cf0be89fe90ca933e1f296e,9b2f773a683bad3a7cf0be89fe90ca933e1f296e,52304,10.1111/j.1464-5491.2006.01840.x,False,N/A
Predictors of postpartum diabetes in women with gestational diabetes mellitus.,JournalArticle,2006-03-01,"The aim of this study was to stratify risk for postpartum diabetes in women who have gestational diabetes. Women with gestational diabetes were recruited between 1989 and 1999, and 302 were followed with oral glucose tolerance tests at 9 months and 2, 5, 8, and 11 years postpregnancy. The 8-year postpartum diabetes risk was 52.7% (130 diabetic cases). Risk was increased in women with autoantibodies to GAD and/or insulinoma antigen-2 (adjusted hazard ratio 4.1; P < 0.0001), women who required insulin during pregnancy (4.7; P < 0.0001), women with BMI >30 kg/m2 (1.5; P = 0.04), and women with more than two prior pregnancies (2.5; P = 0.02). Women without these risk factors had a postpartum diabetes risk of 14% by 8 years, and risk rose incrementally to 96% by 8 years in autoantibody-positive women. Parity status, C-reactive protein concentration, a diabetes family history, maternal age, weeks of gestation, and the child's birth weight did not significantly affect risk in multivariate analysis. Prospective diabetes assessment is indicated and intervention should be considered in women with gestational diabetes who are autoantibody positive, require insulin treatment during pregnancy, or are obese.",https://www.semanticscholar.org/paper/a4e5ec3612869ccb5fa0ed455d8cc03599daa01b,a4e5ec3612869ccb5fa0ed455d8cc03599daa01b,31725963,10.2337/DIABETES.55.03.06.DB05-0746,True,https://diabetesjournals.org/diabetes/article-pdf/55/3/792/651338/zdb00306000792.pdf
Preventing Type 2 Diabetes After Gestational Diabetes,"Review, JournalArticle",2006-11-01,"Purpose The purposes of this article are to examine the epidemiology of gestational diabetes mellitus (GDM) and subsequent type 2 diabetes, identify risk factors for the development of GDM and subsequent type 2 diabetes, discuss protocols for postpartum screening, and recommend evidence-based interventions to delay or prevent type 2 diabetes after GDM. Methods A review of the research literature from 1995 to 2005 concerning gestational diabetes was done using MEDLINE, CINAHL, National Institutes of Health, and American Diabetes Association internet resources. The criteria set for selection included the following: the research explored risk factors for and epidemiology of gestational diabetes, the relationship of gestational diabetes and the subsequent development of type 2 diabetes, and/or the prevention of type 2 diabetes after GDM. Results Women with pregnancies complicated by GDM are at increased risk for subsequent development of type 2 diabetes. Research suggests that modification of lifestyle-based risk factors including obesity, poor nutrition, and lack of exercise can delay or prevent the onset of type 2 diabetes in these women. However, there is evidence that recommended postpartum screening protocols for women with GDM are not being followed; hence, those women at high risk for type 2 diabetes are not identified, and no intervention is undertaken to reduce their risks. Conclusions Diabetes educators must play an integral role in increasing awareness of the need for postpartum screening and intervention for women with gestational diabetes. Only with early identification and intensive intervention can the devastating toll of diabetes be averted for many of these women.",https://www.semanticscholar.org/paper/b63937a3f38761935e46210544c9f7acc61338cd,b63937a3f38761935e46210544c9f7acc61338cd,3829240,10.1177/0145721706294263,False,N/A
How effective are processes of care for the treatment of diabetes?,"MetaAnalysis, JournalArticle, Study, Review",2006-10-01,,https://www.semanticscholar.org/paper/cf2b67ec16c217b41fbb4f8913a51d7c39c0fff3,cf2b67ec16c217b41fbb4f8913a51d7c39c0fff3,19841781,10.1038/ncpendmet0291,False,N/A
Elevated serum alanine transaminase in patients with type 1 or type 2 diabetes mellitus.,"JournalArticle, Review",2006-12-01,"BACKGROUND
The risk of chronic liver disease is higher in diabetics, and serum alanine transaminase (ALT) is a sensitive predictor of mortality from liver disease.


AIM
To estimate the prevalence of elevated ALT in type 1 and type 2 diabetes, and identify possible risk factors.


METHODS
We identified all patients (n = 2077) attending review between September 2002 and August 2003. We excluded those with no ALT measurement (n = 73); those whose alcohol consumption was >14 units/week (women) (n = 276) or >21 units/week (men) (n = 324); and those with a diagnosis of Maturity Onset Diabetes of the Young, secondary diabetes, gestational diabetes or uncertain type of diabetes (n = 51). We calculated the prevalences of elevated ALT in both type 1 and type 2 diabetes patients, and compared the demographic, microvascular risk factors and current drug use between each group using multivariate logistic regression.


RESULTS
Of 1353 patients included, 836 (61.9%) had type 2 diabetes. Elevated ALT was found in 9.5% (95%CI 7.1-12.3%) of patients with type 1 diabetes, and 12.1% (95%CI 9.9-14.5%) of those with type 2 diabetes. The risk of elevated ALT in patients with type 2 diabetes increased with increasing body mass index (p(trend) = 0.04), and was lower in those taking insulin (OR 0.38, 95%CI 0.22-0.65).


DISCUSSION
The prevalence of elevated ALT is 3-4 times higher in patients with either type 1 or type 2 diabetes than in the general population. Further studies investigating the aetiology and mechanisms of this elevation may suggest appropriate early interventions.",https://www.semanticscholar.org/paper/d5512cdfef2a61fb291b21a32985563891b99205,d5512cdfef2a61fb291b21a32985563891b99205,519212,10.1093/QJMED/HCL116,True,https://academic.oup.com/qjmed/article-pdf/99/12/871/6868134/hcl116.pdf
Pharmacological and surgical intervention for the prevention of diabetes.,"Review, JournalArticle",,"The increasing prevalence of diabetes is reaching epidemic proportion worldwide. Because of the associated morbidity and mortality, it is exerting major pressure on the healthcare system. With a better understanding of the pathophysiology of type-2 diabetes, the concept of primary prevention has emerged. A number of studies have confirmed that intensive lifestyle modification was very effective in the prevention of diabetes in the impaired glucose tolerance (IGT) population. However, maintaining long-term lifestyle modification is a major challenge. It is, therefore, important to have other strategies, either pharmacological or surgical, that can be used as an adjunct or alternative to lifestyle modification. The Chinese study showed that metformin and acarbose could reduce the risk of diabetes by 65 and 83%, respectively, in IGT subjects. The efficacy of metformin was confirmed by the Diabetes Prevention Program (31% risk reduction) and that of acarbose by the STOP-NIDDM trial (36% risk reduction) in a similar high-risk population. The TRIPOD study showed that troglitazone could reduce the risk of diabetes by 55% in Hispanic women with a history of gestational diabetes. And more recently, the XENDOS study showed that orlistat could reduced the risk of diabetes by 37% in obese subjects when used as an adjunct to an intensive lifestyle program. Three studies have suggested that bariatric surgery in morbidly obese subjects could reduce the risk of diabetes to near zero. Furthermore, a number of studies have examined the effect of a renin angiotensin aldosterone system inhibitor, as well as statin and hormone replacement therapy on the prevention of type-2 diabetes in high-risk subjects as secondary outcomes and have suggested that they could be of potential benefit. The accumulating evidence is now overwhelming. Yes, diabetes can be prevented or delayed in high-risk populations. With this new information, we need to design new strategies to screen high-risk populations and to implement the new treatments that have proven effective in the prevention of type-2 diabetes.",https://www.semanticscholar.org/paper/dc9f54e7b4f13170c067752a26de5a0420930695,dc9f54e7b4f13170c067752a26de5a0420930695,25877407,10.1159/000094404,False,N/A
A clinico-pathologic presentation of a 23-year old-female with lymphangioleiomyomatosis and Wilm's tumor.,"JournalArticle, CaseReport",2006-07-01,"Lymphangioleiomyomatosis (LAM), is an uncommon, progressive, cystic lung disease which predominantly affects young women of childbearing age. Our patient is a 36-year-old female diagnosed with LAM by open lung biopsy in January 1995. Her past history included a spontaneous left-sided pneumothorax in June 1994 which required chest tube for resolution. The last episode occurred on October. 2002. A chest CT scan at this time presented multiple cystic lesions. Followup with pulmonary function studies every 6 months since 1997 have shown a decrease in force expiratory volume in 1 second (%FEV 1) from 100% to an actual of 53%. The force volume capacity (%FVC) decreased from 105% to 85%, with a FEV1/FVC ratio of 49%. The patient's past medical history also includes a Wilm's tumor, resulting in left nephrectomy at age 6, left adnexal abscess requiring surgery in 2002, complicated with iliac and femoral vein thrombophlebitis and left iliac artery stenosis. A small pericardial effusion occurred in 2003, which resolved spontaneously. Osteoporosis of the spine was documented with a T score of -4.9. A hysterectomy was performed during her first gestation in 1992 due to the presence of ruptured ovarian cysts. She required blood transfusions during this intervention, acquiring chronic hepatitis C infection. She has two brothers and three sisters. One brother and one sister have bronchial asthma; her paternal grandfather had stomach cancer and her grandmother was diagnosed with type II diabetes mellitus. No family history of pulmonary disorders was identified. The chest CT scan showeds many small lung cavities compatible with moderate LAM. Our patient is one of three patients living in Puerto Rico who is currently followed by the NIH sponsored LAM registry.",https://www.semanticscholar.org/paper/e08b1561ac6bca7e01806b87c9fa359a6a0a564c,e08b1561ac6bca7e01806b87c9fa359a6a0a564c,40429968,N/A,False,N/A
[Gestational diabetes: what follow-up after delivery?].,"Review, JournalArticle",2006-05-31,"Women with gestational diabetes have a high risk for dysglycemia and metabolic syndrome. The post-partum screening evaluation allows to establish the ""metabolic profile"". The components of the SM must be recognized and treated. The life-style modifications are the priority. A follow-up by the general practitioner, assisted by a dietitian when it is indicated must be set up and the objectives regularly evaluated. The difficulty perceiving the long-term benefits and the changes of priority when the child is born represent specific barriers for the preventive interventions and must be identified. Specific preventive strategies to this population at high risk must be created and evaluated.",https://www.semanticscholar.org/paper/eccb6b5d2be0fe3e0fa8534b97bba79e90d5d672,eccb6b5d2be0fe3e0fa8534b97bba79e90d5d672,36894281,N/A,False,N/A
