Title,Publication Type,Publication Date,Abstract,Full Text URL,Paper ID,Corpus ID,DOI,Is Open Access,Open Access PDF
A fishy recommendation: omega‐3 fatty acid intake in pregnancy,JournalArticle,2007-12-06,"With recent concern about aquatic contamination from potential teratogens including heavy metals, dioxins, pharmaceutical residues, polychlorinated biphenyls (PCBs), and synthetic estrogens,1–6 some public health agencies throughout the world have recommended limiting gestational fish consumption to minimise fetal harm associated with toxicant exposure.7 Conversely, a well-publicised research paper in Lancet concluded that adequate seafood consumption in pregnancy correlates with improved child development and that ‘advice to limit seafood consumption could actually be detrimental’.8 This commentary will consider the issue of maternal fish consumption in the context of recent medical literature on nutrition and essential fatty acids (EFAs). With discussion of intricate laparoscopic techniques, avant-garde reproductive interventions, complex microsurgery, and epigenetic therapies, many medical practitioners find the practice of dietary or nutritional therapy to be dull, alternative, and perhaps simplistic medicine. Exploration of the aetiological factors contributing to the global escalation in chronic disease,9 however, has revealed that some contemporary ill health results from nutritional compromise.10 Furthermore, recent research demonstrates that certain obstetric and paediatric afflictions might effectively be prevented by provision during pregnancy of the nutrients required for optimal development and sustained function. The correlation between deficient folate and neural tube defects11 (NTDs) previously prompted widespread periconceptional supplementation and recent concerns about potential fetal sequelae (including cleft palate)12 of maternal biotin deficiency13 as well as considerable risk for NTDs with low maternal vitamin B12 status14 have fuelled intensified research on the link between gestational nutrient requirements and maternal and fetal outcome. Correlations including those of maternal selenium levels with pre-eclampsia15 and maternal vitamin D status with subsequent risk in the offspring for diabetes,16 asthma,17 adverse bone health,18 and multiple sclerosis19 illustrate the truism that the human being requires specific nutrients during gestation to carry out the molecular processes within cells and tissues, processes which on the macroscale influence both maternal physiology and fetal development. Considerable attention has recently focused on the role of EFAs in maternal and fetal metabolism.",https://www.semanticscholar.org/paper/07265b099b4928717c0960bbafba8c69e4553b40,07265b099b4928717c0960bbafba8c69e4553b40,25370623,10.1111/j.1471-0528.2007.01570.x,False,N/A
(How) Can We Prevent Type 2 Diabetes?,JournalArticle,2007-06-01,"In the past 6 years, several randomized controlled trials have been conducted to test the impact of behavioral and pharmacological interventions on rates of development of type 2 diabetes in high-risk groups (1–7). The studies have demonstrated that it is possible to reduce the number of people who develop diabetes by 25–62% over 3- to 6-year time frames. As a result, discussions on mitigating the growing public health problem of type 2 diabetes have expanded from a relatively narrow focus on disease treatment to a broader focus on disease prevention. Ultimately, the broader focus is relevant to prevention and early treatment, both aimed at stabilization or reversal of an otherwise progressive disease process. Optimal strategies for disease modification at the stages of pre-diabetes and early diabetes remain to be defined. However, existing information is sufficient to begin to sort out the relative effectiveness of interventions and to make some recommendations for clinical care. In this article, I discuss both the concept of and evidence for diabetes prevention in the context of the biology of type 2 diabetes. I also suggest an approach for clinical care that is based on a combination of knowledge about disease biology and the results of clinical trials.

Hyperglycemia results from an insulin supply that is insufficient to meet the body's needs. Diabetes is hyperglycemia that exceeds the threshold where the risk of diabetic retinopathy is currently thought to begin. In type 2 diabetes, insufficient insulin supply occurs in a setting of increased insulin demands—chronic insulin resistance. Longitudinal studies of insulin secretion and insulin action in Pima Indians (8), Hispanic women with prior gestational diabetes (9), and Hispanic, white, and African-American participants in the Insulin Resistance Atherosclerosis Study (10) reveal that abnormalities in insulin secretion and action are present long before type 2 diabetes …",https://www.semanticscholar.org/paper/1b5ecb2974241e473be1ee5aec5da2b54db72e3d,1b5ecb2974241e473be1ee5aec5da2b54db72e3d,32492495,10.2337/db07-0140,True,https://diabetesjournals.org/diabetes/article-pdf/56/6/1502/247862/zdb00607001502.pdf
The Contribution of Teleconsultation and Videoconferencing to Diabetes Care: A Systematic Literature Review,"Review, JournalArticle, Study",2007-12-14,"Background A systematic literature review was carried out to study the benefits of teleconsultation and videoconferencing on the multifaceted process of diabetes care. Previous reviews focused primarily on usability of technology and considered mainly one-sided interventions. Objective The objective was to determine the benefits and deficiencies of teleconsultation and videoconferencing regarding clinical, behavioral, and care coordination outcomes of diabetes care. Methods Electronic databases (Medline, PiCarta, PsycINFO, ScienceDirect, Telemedicine Information Exchange, ISI Web of Science, Google Scholar) were searched for relevant publications. The contribution to diabetes care was examined for clinical outcomes (eg, HbA1c, blood pressure, quality of life), behavioral outcomes (patient-caregiver interaction, self-care), and care coordination outcomes (usability of technology, cost-effectiveness, transparency of guidelines, equity of care access). Randomized controlled trials (RCTs) with HbA1c as an outcome were pooled using standard meta-analytical methods. Results Of 852 publications identified, 39 met the inclusion criteria for electronic communication between (groups of) caregivers and patients with type 1, type 2, or gestational diabetes. Studies that evaluated teleconsultation or videoconferencing not particularly aimed at diabetes were excluded, as were those that described interventions aimed solely at clinical improvements (eg, HbA1c). There were 22 interventions related to teleconsultation, 13 to videoconferencing, and 4 to combined teleconsultation and videoconferencing. The heterogeneous nature of the identified videoconferencing studies did not permit a formal meta-analysis. Pooled results from the six RCTs of the identified teleconsultation studies did not show a significant reduction in HbA1c (0.03%, 95% CI = - 0.31% to 0.24%) compared to usual care. There was no significant statistical heterogeneity among the pooled RCTs (χ 2 7= 7.99, P = .33). It can be concluded that in the period under review (1994-2006) 39 studies had a scope broader than clinical outcomes and involved interventions allowing patient-caregiver interaction. Most of the reported improvements concerned satisfaction with technology (26/39 studies), improved metabolic control (21/39), and cost reductions (16/39). Improvements in quality of life (6/39 studies), transparency (5/39), and better access to care (4/39) were hardly observed. Teleconsultation programs involving daily monitoring of clinical data, education, and personal feedback proved to be most successful in realizing behavioral change and reducing costs. The benefits of videoconferencing were mainly related to its effects on socioeconomic factors such as education and cost reduction, but also on monitoring disease. Additionally, videoconferencing seemed to maintain quality of care while producing cost savings. Conclusions The selected studies suggest that both teleconsultation and videoconferencing are practical, cost-effective, and reliable ways of delivering a worthwhile health care service to diabetics. However, the diversity in study design and reported findings makes a strong conclusion premature. To further the contribution of technology to diabetes care, interactive systems should be developed that integrate monitoring and personalized feedback functions.",https://www.semanticscholar.org/paper/2ed25e00276c243648e7efb6ed32f01a3638e9db,2ed25e00276c243648e7efb6ed32f01a3638e9db,264287978,10.2196/jmir.9.5.e37,True,https://www.jmir.org/2007/5/e37/PDF
Should We Treat Periodontal Disease During Gestation to Improve Pregnancy Outcomes?,"Review, JournalArticle",2007-06-01,"Until recently many physicians in the United States including obstetrician gynecologists have been relatively unconcerned with oral health. During most physical examinations, the oral cavity is given only a rudimentary examination. With the recognition of the oral-systemic health care link, physicians have been keenly interested in the findings from their dental colleagues in periodontal medicine which have convincingly linked periodontal disease with such diverse systemic health complications as aging, Alzheimer disease, cardiovascular disease, diabetes, and also pregnancy complications including low birth weight, preterm delivery, preeclampsia, and early pregnancy loss. Intervention trials designed to improve oral health during pregnancy have proven to be safe; however, the outcomes have been inconsistent. Further studies will be required to determine the nature of the association and the optimal timing and efficacy of intervention.",https://www.semanticscholar.org/paper/52ac5a0826a381bb48e39c565e5d16781e3a9c3e,52ac5a0826a381bb48e39c565e5d16781e3a9c3e,44670087,10.1097/GRF.0b013e31804c9f05,False,N/A
[Gestational diabetes under clinical conditions in aspired normoglycemia: investigation for correlation of blood glucose daily profiles and fetometric ultrasound parameters].,JournalArticle,2007-10-01,"BACKGROUND
One of the therapeutic aims in gestational diabetes (GDM) is to prevent the development of fetal hypertrophy by adaptation of maternal glycemic control. Relating to this context, maternal blood glucose daily profiles and fetal biometry ultrasound parameters were analysed for a possible correlation. A special focus was given to the question as to whether a latency period exists for this possible connection.


PATIENTS AND METHODS
152 pregnancies affected by GDM, without fetal malformations or aneuploidies, were enrolled. Altogether, 746 ultrasound examinations consisting of 7 fetometric parameters each and 1 288 blood glucose daily profiles originating from the 20 (th) to 40 (th) gestational week were systematically investigated for interrelation by correlation and multiple regression analysis.


RESULTS
No robust, constant correlation between the analysed parameters could be observed. However, marked differences between latency periods were noticed. Blood glucose parameters, which revealed significant regressions with fetal abdominal circumference, had an average time lag of 6.2 +/- 2.5 weeks, whereas the latency period for head circumference averaged 2.4 +/- 1.2 weeks. The overall small-for-gestational-age (SGA) rate was 20 %, pregnant women with a body mass index > 30 kg / m (2) revealed the highest rate of 28 %.


CONCLUSIONS
Therapeutic intervention depending on sonographically detected hypertrophy must be considered as being delayed. The currently valid therapeutic criteria including intended normoglycemia and regular fetometric ultrasound controls cannot prevent markedly high SGA rates, especially among obese women, in adequately treated GDM.",https://www.semanticscholar.org/paper/6088f34d1f2fe9054ef739e9b67662c5b3638594,6088f34d1f2fe9054ef739e9b67662c5b3638594,32292602,10.1055/S-2007-981328,False,N/A
An integrative review of Canadian childhood obesity prevention programmes,"Review, JournalArticle",2007-01-01,"To examine successful Canadian nursing and health promotion intervention programmes for childhood obesity prevention during gestation and infancy, an integrative review was performed of the literature from 1980 to September 2005. The following databases were used: PubMed; Cochrane Database of Systematic Reviews; Cochrane Controlled Trials Register; Database of Abstracts of Reviews of Effects; ACP Journal Club; MEDLINE; EMBASE; CINAHL; Web of Science; Scopus; Sociological Abstracts; Sport Discus; PsycInfo; ERIC and HealthStar. MeSH headings included: infancy (0–24 months), gestation, gestational diabetes, nutrition, prenatal care, pregnancy, health education, pregnancy outcome, dietary services with limits of Canadian, term birth. Of 2028 articles found, six Canadian childhood obesity prevention programmes implemented during gestation and/or infancy were found; three addressed gestational diabetes with five targeting low‐income Canadian urban and/or Aboriginal populations. No intervention programmes specifically aimed to prevent childhood obesity during gestation or infancy. This paucity suggests that such a programme would be innovative and much needed in an effort to stem the alarming increase in obesity in children and adults. Any attempts either to develop new approaches or to replicate interventions used with obese adults or even older children need careful evaluation and pilot testing prior to sustained use within the perinatal period.",https://www.semanticscholar.org/paper/6b70d3ea778b0281bb389c1e2dadc0542a20d776,6b70d3ea778b0281bb389c1e2dadc0542a20d776,1226681,10.1111/j.1467-789X.2006.00258.x,False,N/A
Early random capillary glucose level screening and multidisciplinary antenatal teamwork to improve outcome in gestational diabetes mellitus,JournalArticle,2007-03-01,"Background. This study describes maternal and neonatal characteristics and delivery outcome in women with gestational diabetes mellitus [GDM], compared to a control group. Methods. A retrospective observational study of 719 women with GDM was undertaken in a Swedish urban district. All other parturients at the same hospital served as the control group. GDM was diagnosed using random capillary glucose levels at fixed intervals, beginning early in pregnancy. An oral glucose tolerance test was performed at glucose levels ≥7.0 mmol/l (127.8 mg/dl). Data was analysed according to glucose levels at diagnosis, ie, mild or severe GDM. Results. GDM was diagnosed in 2.28% of the women who were older and had higher Body Mass Index [BMI]. A high proportion was of non‐Nordic origin (44.5%); they had severe GDM more often (49.1%) than the Nordic group (33.1%). The GDM‐mild group had less complications and abnormalities, compared to the GDM‐severe group, although both groups differed from the control group in this respect. Delivery was spontaneous in 70.2% of GDM‐mild, 65.7% of GDM‐severe and 81.0% of the control group. LGA (+2 SD) was found in 4.8, 10.5 and 3.2%, respectively. Conclusion. Early non‐fasting random universal screening and multidisciplinary antenatal teamwork intervention seems to be favourable, with low rates of excessive fetal growth, instrumental vaginal delivery and caesarean section.",https://www.semanticscholar.org/paper/6c28bcf43d7d9cc798b6931d1258dbfd9f908be9,6c28bcf43d7d9cc798b6931d1258dbfd9f908be9,36240089,10.1080/00016340601110747,True,https://onlinelibrary.wiley.com/doi/pdfdirect/10.1080/00016340601110747
Gestational diabetes: relevance of diagnostic criteria and preventive strategies for Type 2 diabetes mellitus,JournalArticle,2007-02-21,,https://www.semanticscholar.org/paper/739d69d5e6da7fffd972535cd78c6e98205f9e3d,739d69d5e6da7fffd972535cd78c6e98205f9e3d,20841451,10.1007/s00404-007-0334-4,False,N/A
Acculturation and cigarette smoking among pregnant Hispanic women residing in the United States.,JournalArticle,2007-01-11,"OBJECTIVES
We explored whether higher levels of acculturation were associated with higher rates of cigarette smoking among pregnant Hispanic women residing in the United States.


METHODS
We evaluated data from the Latina Gestational Diabetes Mellitus Study, a prospective study of 1231 Hispanic prenatal care patients conducted from 2000 to 2004 in Massachusetts. Self-reported data on acculturation, cigarette smoking, and covariates were collected by bilingual interviewers using a questionnaire. We conducted logistic regression multivariate analyses to examine the impact of acculturation level on the odds of smoking.


RESULTS
Overall, 21% of women reported smoking during pregnancy. Acculturation was associated with elevated smoking rates in pregnant Hispanic women. US-born Hispanic women who preferred English had more than twice the odds of smoking compared with Puerto Rican or foreign-born Hispanic women who preferred Spanish (odds ratio [OR]=2.76, 95% confidence interval [CI] 1.36, 5.63).


CONCLUSIONS
Our findings suggest that higher-acculturated Hispanic women living in the United States are more likely to smoke cigarettes during pregnancy than are less-acculturated Hispanic women. These results will inform interventions aimed at reducing cigarette smoking during pregnancy among US Hispanic women.",https://www.semanticscholar.org/paper/8c786604054f6050eaa5e52b44e541f712ffd1cc,8c786604054f6050eaa5e52b44e541f712ffd1cc,28719723,10.2105/AJPH.2006.095505,True,N/A
Placental transfer of long-chain polyunsaturated fatty acids (LC-PUFA),"Review, JournalArticle",,"Abstract Considerable evidence exists for marked beneficial effects of omega-3 long-chain polyunsaturated fatty acids (LC-PUFA) during pregnancy. The omega-3 LC-PUFA docosahexaenoic acid (DHA) is incorporated in large amounts in fetal brain and other tissues during the second half of pregnancy, and several studies have provided evidence for a link between early DHA status of the mother and visual and cognitive development of her child after birth. Moreover, the supplementation of omega-3 LC-PUFA during pregnancy increases slightly infant size at birth, and significantly reduces early preterm birth before 34 weeks of gestation by 31%. In our studies using stable isotope methodology in vivo, we demonstrated active and preferential materno-fetal transfer of DHA across the human placenta and found the expression of human placental fatty acid binding and transport proteins. From the correlation of DHA values with placental fatty acid transport protein 4 (FATP 4), we conclude that this protein is of key importance in mediating DHA transport across the human placenta. Given the great importance of placental DHA transport for infant outcome, further studies are needed to fully appreciate the effects and optimal strategies of omega-3 fatty acid interventions in pregnancy, dose response relationships, and the potential differences between subgroups of subjects such as women with gestational diabetes or other gestational pathology. Such studies should contribute to optimize substrate intake during pregnancy and lactation that may improve pregnancy outcome as well as fetal growth and development.",https://www.semanticscholar.org/paper/8f8a3e4e7c5c7ee13fe54412afb17c3a0e3a979f,8f8a3e4e7c5c7ee13fe54412afb17c3a0e3a979f,263852214,10.1515/JPM.2007.030,True,http://epub.ub.uni-muenchen.de/17783/1/jpm.2007.030.pdf
[Polycystic ovary syndrome and pregnancy: clinical experience].,JournalArticle,2007-12-01,"BACKGROUND
Polycystic ovary syndrome (PCOS) is an endocrine metabolic dysfunction closely associated with insulin resistance and obesity, which predisposes to pregnancy complications.


AIM
To report a prospective clinical experience in PCOS patients who became pregnant after diet, exercise and metformin treatment intervention, and were followed up during the whole pregnancy.


PATIENTS AND METHODS
Seventy pregnant PCOS (PPCOS) women and forty normal pregnant (NP) women of similar age and with singleton pregnancies were included in the study. During gestational ages 10-16 and 22-28 weeks, a 2h, 75 g oral glucose tolerance test (OGTT) was performed with measurement of glucose and insulin in each sample.


RESULTS
No differences were found in duration of gestation, weight gain during pregnancy, or systolic and diastolic blood pressure between PPCOS and NP women. There were significant differences in body mass index (BMI) at the initiation and in the third trimester of pregnancy between both groups. The incidence of gestational diabetes was significantly higher (p <0.01) in the PCOS group (35.2%) compared to the control group (5.0%). The prevalence of small for gestational age (SGA) infants tended to be higher (p =0.09) in the PCOS group. During pregnancy, 2h glucose and insulin were significantly higher in PPCOS than in NP women.


CONCLUSIONS
PCOS mothers showed a higher prevalence of gestational diabetes and SGA newborns, which cannot be attributed to the weight gain during pregnancy, and seems to be more related to the BMI at the initiation of pregnancy, and to the PCOS condition of the mother.",https://www.semanticscholar.org/paper/916478aab7b37631a3ea21c296b90587bcb6a55d,916478aab7b37631a3ea21c296b90587bcb6a55d,23842309,10.4067/S0034-98872007001200005,True,N/A
Fetal determinants of type 2 diabetes.,"Review, JournalArticle",2007-07-31,"Type 2 diabetes, which has dramatically increased during the last decade normally results from a combination of pancreatic beta cell dysfunction and insulin resistance. One of the most recent risk factors identified for type 2 diabetes is a sub-optimal fetal and neonatal environment. Numerous human epidemiological studies worldwide have highlighted that a disturbed nutritional environment of the fetus, either poor or too abundant will compromise the health of the offspring by increasing the susceptibility to insulin resistance, to glucose intolerance and to diabetes in later life. In addition to adverse intrauterine events, the detrimental role of catch-up growth and of the mismatch between the prenatal and the postnatal metabolic environment in such pathology is now clear. To understand the mechanisms that are responsible for such programming and to be able to design prevention strategies, a number of animal models have been created. This manuscript reviews the data from several rodent models in which maternal or neonatal diet has been altered. These include models of maternal under-nutrition and over-nutrition as well as gestational diabetes. In general, abnormal beta cell mass and beta cell dysfunction are present at birth and insulin resistance, glucose intolerance and diabetes appear in adult offspring. Obesity, pregnancy and ageing exaggerate the phenotype and there is some evidence to suggest that the phenotype can be transmitted to a second generation independently of any further environmental modification. Possible underlying mechanisms are discussed and evidence for potential early intervention strategies are reported.",https://www.semanticscholar.org/paper/917efd43dc6330c962f2bfebba7fa788942065f5,917efd43dc6330c962f2bfebba7fa788942065f5,10130892,10.2174/138945007781386866,False,N/A
Assessment of readiness to prevent type 2 diabetes in a population of rural women with a history of gestational diabetes.,"JournalArticle, Review",2007-11-19,"INTRODUCTION
Women with a history of gestational diabetes mellitus (GDM) are at high risk of developing type 2 diabetes mellitus. Given the rapidly increasing prevalence of diabetes globally, there is an urgent need to develop preventative strategies and to identify high risk populations who would most benefit from diabetes prevention.


OBJECTIVE
To investigate readiness to prevent diabetes in a cohort of rural women with a recent history of GDM.


SETTING
Women with a recent history of GDM in regional and rural Victoria, Australia.


METHODS
All women who had attended a regional diabetes centre in the past 14 months (June 2004 to July 2005) for treatment of GDM, were surveyed by mail. Variables measured included readiness to engage in physical activity and weight management as measured by the transtheoretical model of behaviour change, and perception of diabetes risk.


RESULTS
Of the 53 women who completed the survey (mean age 32.5 years), 58% were classified as in pre-action for activity and 75% in pre-action for weight loss. Highest prevalence of pre-action for both activity and weight loss was among women with more than two children, high BMI, and those not engaged in paid work. Eighty-five percent of women in pre-action for activity were also in pre-action for weight loss. Neither physical activity nor weight loss behaviour was influenced by baby age. Nearly all respondents agreed that regular exercise, healthy diet and healthy weight, were very important to prevent diabetes, and the majority of respondents were optimistic about preventing type 2 diabetes mellitus. However, just under half (43%) of the total cohort were not engaged in any diabetes risk reduction behaviour.


CONCLUSION
The prevalence of physical activity and weight loss behaviour was found to be low in a rural population of women with a history of GDM, despite a high awareness of diabetes prevention strategies. Future planning for diabetes prevention will need to target this knowledge-behaviour gap. In addition to child care services and partner support, programs designed to target ambivalence to behaviour change, including structured stage-matched interventions, may have success in this vulnerable and high risk group.",https://www.semanticscholar.org/paper/95972d6fd977de435da0a09ad1e3fd04c24e68f1,95972d6fd977de435da0a09ad1e3fd04c24e68f1,30525828,10.22605/RRH802,True,N/A
Costs and consequences of treatment for mild gestational diabetes mellitus – evaluation from the ACHOIS randomised trial,"Study, JournalArticle",2007-10-28,,https://www.semanticscholar.org/paper/9ccad35f9fd91f13233d6bef53c11b98bffb05e5,9ccad35f9fd91f13233d6bef53c11b98bffb05e5,12445174,10.1186/1471-2393-7-27,True,https://bmcpregnancychildbirth.biomedcentral.com/track/pdf/10.1186/1471-2393-7-27
Improved usability of the minimal model of insulin sensitivity based on an automated approach and genetic algorithms for parameter estimation.,"JournalArticle, Study",2007-02-01,"Minimal model analysis of glucose and insulin data from an IVGTT (intravenous glucose tolerance test) is widely used to estimate insulin sensitivity; however, the use of the model often requires intervention by a trained operator and some problems can occur in the estimation of model parameters. In the present study, a new method for minimal model analysis, termed GAMMOD, was developed based on genetic algorithms for the estimation of model parameters. Such an algorithm does not require the fixing of initial values for the parameters (that may lead to unreliable estimates). Our method also implements an automated weighting scheme not requiring manual intervention of the operator, thus improving the usability of the model. We studied a group of 170 women with a history of previous gestational diabetes. Results obtained by GAMMOD were compared with those obtained by MINMOD (a traditional gradient-based algorithm for minimal model analysis). Insulin sensitivity by GAMMOD was (3.86+/-0.19) compared with (4.33+/-0.20) x 10(-4) micro-units.ml(-1) x min(-1) by MINMOD; glucose effectiveness was 0.0236+/-0.0005 compared with 0.0229+/-0.0005 min(-1) respectively. The difference in the estimation by the two methods was within the precision expected for such metabolic parameters and is probably of no clinical relevance. Moreover, both the coefficient of variation of the estimated parameters and the error of fit were generally lower in GAMMOD, despite the fact that it does not require manual intervention. In conclusion, the GAMMOD approach for parameter estimation in the minimal model provides a reliable estimation of the model parameters and improves the usability of the model, thus facilitating its further use and application in a clinical context.",https://www.semanticscholar.org/paper/c364fad4d7d368d935ef5e12fd5ed7044eb121a9,c364fad4d7d368d935ef5e12fd5ed7044eb121a9,19211762,10.1042/CS20060203,True,https://hal.science/hal-00479340/file/PEER_stage2_10.1042%252FCS20060203.pdf
Long-term outcomes in mothers diagnosed with gestational diabetes mellitus and their offspring.,"Review, JournalArticle",2007-12-01,"Mothers with gestational diabetes mellitus (GDM) are at high lifetime risk of developing type 2 diabetes mellitus. The magnitude of risk for cardiovascular disease after GDM is less well established. Recently, intervention trials using lifestyle modification or medications used to treat type 2 DM have successfully prevented/delayed development of DM in women after GDM. Offspring of mothers with GDM are at risk for development of obesity and abnormal glucose metabolism during childhood, adolescence, and adulthood. Factors responsible for these risks are not fully understood. Having fetal hyperinsulinism is a risk factor for development of both obesity and abnormal glucose metabolism, and might be implicated in pathophysiology. It remains to be established whether the long-term effects of exposure to diabetes mellitus during intrauterine development can be prevented.",https://www.semanticscholar.org/paper/c8ca0395ff2ddbe4c839a756104a518d864edcb9,c8ca0395ff2ddbe4c839a756104a518d864edcb9,39766931,10.1097/GRF.0B013E31815A61D6,False,N/A
Gestational Diabetes After Delivery,"Review, JournalArticle",2007-07-01,"After the intensified treatment often required for treating gestational diabetes mellitus (GDM), clinicians may be tempted to relax after delivery of the baby. If it is assumed that no further management is needed, an excellent opportunity to improve the future health status of these high-risk women may be lost. There are special concerns for the early postpartum care of women with GDM. Encouragement and facilitation of exclusive breastfeeding is very important because of the profound short-term as well as long-term health benefits to the infant and the reduced risks for subsequent obesity and glucose intolerance demonstrated in many breastfeeding women. A method of contraception should be chosen that does not increase the risk of glucose intolerance in the mother. Some women with GDM will have persisting hyperglycemia in the days after delivery that will justify medical management for diabetes and perhaps for hypertension, microalbuminuria, and dyslipidemia. Treatment should be maintained according to the guidelines of the American Diabetes Association and other relevant organizations and adjusted for the needs of lactation. Treatment should be continued in adequate fashion to minimize risks to the early conceptus if there is a subsequent planned or unplanned pregnancy.

Most women with GDM will not have severe hyperglycemia after delivery. This group should be followed for at least 6–12 weeks to determine their glucose status. Many studies over 3 decades on all continents of the globe demonstrate the high risk of subsequent diabetes in this female population. The degree of this risk is best assessed by glucose tolerance testing. Randomized controlled trials have proven that several interventions (diet and planned exercise 30–60 min daily at least 5 days per week and antidiabetic medications) can significantly delay or prevent the appearance of type 2 diabetes in the women with impaired glucose tolerance (IGT). The high-risk women can …",https://www.semanticscholar.org/paper/dc7d0ecc9cfba9c1d53cc0a904e706476ec38e15,dc7d0ecc9cfba9c1d53cc0a904e706476ec38e15,16195921,10.2337/dc07-s221,True,https://diabetesjournals.org/care/article-pdf/30/Supplement_2/S225/467275/zdc1070700s225.pdf
Prevalence of metabolic markers of insulin resistance in offspring of gestational diabetes pregnancies,JournalArticle,2007-11-23,"In utero hyperglycemia has been associated with insulin resistance (IR) in children; however, there are limited data in low‐risk populations. The purpose of this study was to describe the prevalence of metabolic markers of IR in a primarily Caucasian cohort of gestational diabetes mellitus (GDM) offspring aged 7–11 yr (mean 9.1) and to correlate offspring with maternal indexes. Sixty‐eight children were recruited through a follow‐up study of women who participated in a randomized controlled trial of minimal intervention vs. tight glycemic control for GDM. All participants had a fasting plasma glucose (FPG), insulin, total cholesterol, high‐density lipoprotein cholesterol (HDL‐chol), triglyceride (TG) level, and a 2‐h oral glucose tolerance test. We calculated homeostasis model assessment (HOMA) and recorded body mass index and waist circumference (WC). Criteria for metabolic syndrome for children included: FPG > 6.0 mmol/L, HDL‐chol < 1.03 mmol/L, TG > 1.24 mmol/L, WC > 90% for age and gender, and 2‐h glucose > 7.8 mmol/L. Among these children, 45 (66%), 17 (25%), 5 (7%), and 1 (1.5%) had zero, one, two, or three metabolic markers of IR, respectively. Hypertriglyceridemia (21%) was most prevalent, with no child having an elevated FPG. WC (p = 0.018) and TG (p = 0.005) were strong predictors of IR in the offspring after adjustment for age, gender, birthweight, family history, and maternal IR. Maternal and offspring HDL‐chol, TG, WC, and HOMA but not fasting or 2‐h glucose levels were significantly correlated. We conclude that metabolic markers of IR in children exposed to GDM may be present in the absence of abnormal fasting or 2‐h glucose values. Screening strategies that focus on glucose levels may need to be reconsidered to institute early intervention with lifestyle changes for children at risk.",https://www.semanticscholar.org/paper/e5db7b4e04b6ec713a5c9028f3f6849871b688b2,e5db7b4e04b6ec713a5c9028f3f6849871b688b2,11977925,10.1111/j.1399-5448.2007.00258.x,True,https://onlinelibrary.wiley.com/doi/pdfdirect/10.1111/j.1399-5448.2007.00258.x
A lifestyle intervention of weight-gain restriction: diet and exercise in obese women with gestational diabetes mellitus.,JournalArticle,2007-05-11,"OBJECTIVE
This study assessed whether a weight-gain restriction regimen, with or without exercise, would impact glycemic control, pregnancy outcome, and total pregnancy weight gain in obese subjects with gestational diabetes mellitus (GDM). A total of 96 subjects with GDM met the inclusion criteria and were sequentially recruited, with 39 subjects self-enrolled in the exercise and diet (ED) group, and the remaining 57 subjects self-enrolled in the diet (D) group owing to contraindications or a lack of personal preference to exercise. All patients were provided a eucaloric or hypocaloric consistent carbohydrate meal plan and instructed in the self-monitoring of blood glucose. In addition, all ED subjects were prescribed an exercise routine equivalent to a 60% symptom-limited VO2 max. Subjects were followed at weekly or biweekly office visits. Results showed maternal weight and body mass index (35.2+/-7.2 (ED) vs. 33.5+/-9.2 (D)) at study entry as well as number of weeks into the study (7.7+/-5.7 (ED) vs. 9.4+/-4.7 (D)) were similar in both the ED and D groups. Weight gain per week was significantly lower in the ED group than in the D group (0.1+/-0.4 kg vs. 0.3+/-0.4 kg; p<0.05). Subjects (either ED or D) who gained weight had a higher percentage of macrosomic infants than those subjects who lost weight or had no weight change during pregnancy. Other pregnancy and fetal outcomes such as complications, gestational age at delivery, and rate of cesarean delivery were similar in both groups. Conclusions of this study were that caloric restriction and exercise result in limited weight gain in obese subjects with GDM, less macrosomic neonates, and no adverse pregnancy outcomes. Pregnancy is an ideal time for behaviour modification, and this intervention may also help promote long-term healthy lifestyle changes.",https://www.semanticscholar.org/paper/f0f9ce31dd7260d515ebeb976a94e625e144bd33,f0f9ce31dd7260d515ebeb976a94e625e144bd33,24215538,10.1139/H07-024,False,N/A
Fetal insulin secretion in late gestation: does size matter?,"JournalArticle, LettersAndComments",2007-12-01,"In recent years, considerable epid-emiological and experimental data have accrued which indicates that alterations in the trajectory of fetal growth and development due to suboptimal intrauterine conditions has profound, persistent effects on metabolic function in later life (Hales & Ozanne, 2003; De Blasio et al. 2007; Owens et al. 2007b). Specifically, the relationship between weight at birth and the incidence of diseases such as type 2 diabetes mellitus, hypertension, cardiovascular disease, and obesity in adulthood has received increased attention as the occurrence of this constellation of disorders has reached epidemic proportion in many parts of the world. Collectively, these disorders have come to be recognized as the metabolic syndrome X (Hales & Ozanne, 2003). Whilst remarkable progress has been made characterizing a variety of models for the developmental origins of health and disease (DOHaD), there have been relatively few studies of the fetal physiological adaptations that are likely to underlie this phenomenon. 
 
Recently, Owens et al. (2007a) reported in the The Journal of Physiology the first evidence that impaired placental growth and function is associated with reduced glucose stimulated insulin secretion in the late gestation sheep fetus. These important findings indicate that impaired placental function (i.e. placental restriction), which is regarded as being a significant cause of intrauterine growth restriction in humans, has deleterious effects on glucose stimulated insulin secretion that begin during fetal life. Moreover, these data in concert with previous work from the same laboratory show that these effects on glucose stimulated insulin secretion and/or glucose metabolism form a continuum throughout the lifespan of the organism (i.e. fetal life, early postnatal, and adulthood). 
 
The present study complements earlier work by making several methodological advances that permit a more thorough evaluation of fetal physiology at different gestational ages. One such advance was the administration of glucose directly to the fetus in this model of placental restriction as opposed to glucose administration to the mother (Harding et al. 1985), in which fetal glucose delivery is limited by glucose transporters 1 and 3. Thus, the authors were able to measure glucose stimulated insulin secretion in both growth-restricted and control fetuses. Furthermore, the authors show for the first time that dysregulated glucose stimulated insulin secretion presages impaired postpartum glucose stimulated insulin secretion in this model of fetal growth restriction. Another methodological advance was employing predictive fetal weight curves that were developed in the authors' laboratory for both control and placental restricted fetuses. The growth curves allowed the authors to adjust the glucose and l-arginine doses to accommodate the increased size of the fetus in later gestation (day of gestation (DG) 120 versus DG 140). Despite the observed discrepancies between predicted and observed fetal weights in the present work, this effort demonstrated excellent forethought. Further, this additional manoeuvre allowed the authors to show that there is an increase in the magnitude of the acute insulin release in response to glucose infusion from DG 120 to DG 140, which suggests an improved capacity for rapid insulin release in late gestation, an observation that is consistent with insulin being an important anabolic factor in the late gestation fetus. 
 
Predictors of insulin secretion and glucose tolerance were also identified by Owens et al. (2007a). The authors observed that fetal plasma glucose concentration was positively correlated with placental weight rather than fetal weight, and that fetal plasma insulin concentrations correlated positively with fetal plasma glucose concentration, and fetal and placental weight. The authors suggest that these findings indicate that fetal glucose supply is the primary stimulus for basal insulin secretion and reduced anabolic stimulus from insulin may contribute to growth restriction in the placental restricted fetuses. 
 
As expected, the authors observed evidence of accelerated maturational increase in fetal plasma cortisol concentration in the placental restricted fetuses. Interestingly, in contrast to previous studies in the rat that have implicated plasma cortisol concentrations as a programming mechanism for postnatal glucose metabolism (Nyirenda et al. 1998) the authors reported that fetal plasma cortisol concentrations were not related to outcomes in this cohort (Owens et al. 2007a). This observation may indicate that insulin has important maturational effects in late gestation that remain unrecognized, and may reveal a new direction for additional studies in the future. 
 
The examination of the developmental origins of disease raise a variety of intriguing questions, not the least of which is that of the optimum time to intervene in an attempt to ameliorate the health concerns of both the mother and the fetus/offspring. Analysing the disruptions in fetal physiology and following the animals through to later life in a model such as the one at present employed by Owens et al. (2007a) has allowed the authors to clearly identify fetal life as an important period for prophylactic treatment of intrauterine growth restriction. Moreover, studies such as these in long gestation species allow investigators the ability to clearly identify differential effects across the discrete windows of programming. As these studies continue, it will be exciting to find out if intervention during late gestation can prevent sequelae such as metabolic syndrome X. 
 
Another important question with regard to intervention in fetal life that is raised by the present study is whether or not the sex-dependent differences in metabolic function reported in the offspring originate during early life. Since it has been observed that the growth curves of male and female fetuses (at least in humans) diverge near mid-gestation, with male fetuses growing to be larger for any given age in the last half of gestation (Parker et al. 1984), it follows that the critical windows of sensitivity to programming insults may be shifted depending upon the sex of the fetus. The authors pursued the idea of sex differences in the response to placental restriction in a paper published earlier this year (Owens et al. 2007b). In that work they demonstrated that placental restriction was predictive of impaired glucose homeostasis and insulin secretion in males at 1 year of age, but not in age-matched placental restricted females. Nevertheless, placental restricted females that were thinner at birth became heavier at 1 year of age without a concomitant increase in frame size, suggesting an increased deposition of adipose tissue, which is predictive of impaired insulin sensitivity later in life. This previous study by Owens et al. viewed in concert with the current study suggest that these altered windows of sensitivity may exist not only in the fetus but also in the offspring. Thus, many important questions remain unanswered regarding the contributions of fetal sex to the mechanisms of programming in this and other DOHaD models. 
 
In summary, these important observations shed further light on the mechanisms of fetal growth restriction and suggest that decreased energy substrate rather than dysregulated fetal endocrine responses may be a primary defect. Furthermore, the studies of Owens et al. (2007a,b) provide new insight into the matter of how early interventions might be required to remedy the effects of intrauterine growth restriction. The present results, viewed in concert with previous observations from clinical studies in IUGR children and adolescents (Jaquet et al. 2000) and experimental data from IUGR lambs (De Blasio et al. 2007; Owens et al. 2007b) clearly demonstrate that with respect to glucose stimulated insulin secretion, fetal size, at least during late gestation, really does matter.",https://www.semanticscholar.org/paper/f2f70f28ddf6d3086f65f177871d260e362c5fbb,f2f70f28ddf6d3086f65f177871d260e362c5fbb,45589685,10.1113/jphysiol.2007.146811,True,N/A
"Gestational diabetes, inflammation, and late vascular disease","Review, JournalArticle",2007-11-01,,https://www.semanticscholar.org/paper/f47a158247c7fb29ed9a9fd27178af93c9da3b9c,f47a158247c7fb29ed9a9fd27178af93c9da3b9c,23009684,10.1007/BF03349231,False,N/A
Risk Factors for Persistent Pulmonary Hypertension of the Newborn,"JournalArticle, Study",2007-08-01,"OBJECTIVE. Persistent pulmonary hypertension of the newborn, a clinical syndrome that results from the failure of the normal fetal-to-neonatal circulatory transition, is associated with substantial infant mortality and morbidity. We performed a case-control study to determine possible antenatal and perinatal predictors of persistent pulmonary hypertension of the newborn. METHODS. Between 1998 and 2003, the Slone Epidemiology Center enrolled 377 mothers of infants with persistent pulmonary hypertension of the newborn and 836 mothers of matched control subjects. Within 6 months of delivery, study nurses interviewed participants regarding demographic, medical, and obstetric characteristics. RESULTS. Factors that were independently associated with an elevated risk for persistent pulmonary hypertension of the newborn were infant male gender and black or Asian maternal race compared with white race. High prepregnancy BMI (>27 vs <20) was also associated with persistent pulmonary hypertension of the newborn, as were diabetes and asthma. Compared with infants who were delivered vaginally, the risk for persistent pulmonary hypertension of the newborn was higher for those who were born by cesarean section. Compared with infants who were born within 37 to 41 gestational weeks, the risk was higher for those who were born between 34 and 37 completed weeks and for those born beyond 41 weeks. Compared with infants within the 10th and 90th percentiles of birth weight for gestational age distribution, the risk was higher for infants above the 90th percentile. CONCLUSIONS. Our findings suggest an increased risk for persistent pulmonary hypertension of the newborn associated with cesarean delivery; late preterm or postterm birth; being large for gestational age; and maternal black or Asian race, overweight, diabetes, and asthma. It remains unclear whether some of these factors are direct causes of persistent pulmonary hypertension of the newborn or simply share common causes with it; however, clinicians should be alert to the increased need for monitoring and intervention among pregnancies with these risk factors.",https://www.semanticscholar.org/paper/fcd5c00c1228fe5f214a6c3ff1816fb835ae57b0,fcd5c00c1228fe5f214a6c3ff1816fb835ae57b0,44567283,10.1542/peds.2006-3037,False,N/A
