Title,Publication Type,Publication Date,Abstract,Full Text URL,Paper ID,Corpus ID,DOI,Is Open Access,Open Access PDF
A review of the health beliefs and lifestyle behaviors of women with previous gestational diabetes.,"Review, JournalArticle",2009-09-01,"OBJECTIVE
To critically review and synthesize original research designed to examine the health beliefs, including risk perceptions and health behaviors related to diet and physical activity of women with previous gestational diabetes mellitus.


DATA SOURCES
PubMed and CINAHL databases were searched for studies published in the last decade (1998-2008) that examined variables related to the health beliefs and behaviors of women with previous gestational diabetes mellitus. Keyword searches included health beliefs, health behaviors, perceived risk, gestational diabetes, type 2 diabetes, diet, physical activity, and postpartum.


STUDY SELECTION
Eight articles, representing 6 studies, were selected that met the inclusion criteria of original research, dependent variable of health beliefs and behaviors of women with previous gestational diabetes mellitus, and measurement after pregnancy.


DATA EXTRACTION
Articles were reviewed and discussed according to the concepts of risk perception and health beliefs, health behaviors related to diet and physical activity, and psychosocial factors related to women's health beliefs and behaviors.


DATA SYNTHESIS
Data revealed common health beliefs and behaviors of women with previous gestational diabetes mellitus, including low risk perceptions for future type 2 diabetes mellitus and suboptimal levels of physical activity and fruit and vegetable intake. The majority of studies revealed a distinct knowledge-behavior gap among women with previous gestational diabetes mellitus, whereas others revealed a lack of knowledge regarding necessary lifestyle modifications.


CONCLUSIONS
Findings from this review may assist women's health researchers and clinicians in developing appropriate interventions for increasing risk awareness, promoting self-efficacy for weight loss and physical activity behaviors, and decreasing rates of diabetes and cardiovascular disease among women with previous gestational diabetes mellitus. Further research is necessary to identify factors that influence the health beliefs and behaviors of women with previous gestational diabetes mellitus. Future research should focus on populations of greater racial, ethnic, and socioeconomic diversity, as the majority of studies have been conducted with non-Hispanic White, socioeconomically advantaged women.",https://www.semanticscholar.org/paper/051568369313f095937df94d8abc91918165979f,051568369313f095937df94d8abc91918165979f,29197656,10.1111/j.1552-6909.2009.01051.x,False,N/A
"A multicenter, randomized trial of treatment for mild gestational diabetes.","Study, JournalArticle",2009-10-01,"BACKGROUND
It is uncertain whether treatment of mild gestational diabetes mellitus improves pregnancy outcomes.


METHODS
Women who were in the 24th to 31st week of gestation and who met the criteria for mild gestational diabetes mellitus (i.e., an abnormal result on an oral glucose-tolerance test but a fasting glucose level below 95 mg per deciliter [5.3 mmol per liter]) were randomly assigned to usual prenatal care (control group) or dietary intervention, self-monitoring of blood glucose, and insulin therapy, if necessary (treatment group). The primary outcome was a composite of stillbirth or perinatal death and neonatal complications, including hyperbilirubinemia, hypoglycemia, hyperinsulinemia, and birth trauma.


RESULTS
A total of 958 women were randomly assigned to a study group--485 to the treatment group and 473 to the control group. We observed no significant difference between groups in the frequency of the composite outcome (32.4% and 37.0% in the treatment and control groups, respectively; P=0.14). There were no perinatal deaths. However, there were significant reductions with treatment as compared with usual care in several prespecified secondary outcomes, including mean birth weight (3302 vs. 3408 g), neonatal fat mass (427 vs. 464 g), the frequency of large-for-gestational-age infants (7.1% vs. 14.5%), birth weight greater than 4000 g (5.9% vs. 14.3%), shoulder dystocia (1.5% vs. 4.0%), and cesarean delivery (26.9% vs. 33.8%). Treatment of gestational diabetes mellitus, as compared with usual care, was also associated with reduced rates of preeclampsia and gestational hypertension (combined rates for the two conditions, 8.6% vs. 13.6%; P=0.01).


CONCLUSIONS
Although treatment of mild gestational diabetes mellitus did not significantly reduce the frequency of a composite outcome that included stillbirth or perinatal death and several neonatal complications, it did reduce the risks of fetal overgrowth, shoulder dystocia, cesarean delivery, and hypertensive disorders. (ClinicalTrials.gov number, NCT00069576.)",https://www.semanticscholar.org/paper/0cd4ddf1a395c1ae0c8b295c0d57ddd585550fec,0cd4ddf1a395c1ae0c8b295c0d57ddd585550fec,75613362,10.1056/NEJMoa0902430,True,https://cdr.lib.unc.edu/downloads/rr172630n
Trends in Postpartum Diabetes Screening and Subsequent Diabetes and Impaired Fasting Glucose Among Women With Histories of Gestational Diabetes Mellitus,JournalArticle,2009-02-01,"OBJECTIVE—The purpose of this study was to examine trends in postpartum glucose screening for women with gestational diabetes mellitus (GDM), predictors of screening, trends in postpartum impaired fasting glucose (IFG) and diabetes, and diabetes and pre-diabetes detected by postpartum fasting plasma glucose (FPG) versus a 75-g oral glucose tolerance test (OGTT). RESEARCH DESIGN AND METHODS—This was a cohort study of 14,448 GDM pregnancies delivered between 1995 and 2006. Postpartum screening was defined as performance of either an FPG or OGTT at least 6 weeks after delivery and within 1 year of delivery. RESULTS—Between 1995 and 2006, the age- and race/ethnicity-adjusted proportion of women who were screened postpartum rose from 20.7% (95% CI 17.8–23.5) to 53.8% (51.3–56.3). Older age, Asian or Hispanic race/ethnicity, higher education, earlier GDM diagnosis, use of diabetes medications during pregnancy, and more provider contacts after delivery were independent predictors of postpartum screening. Obesity and higher parity were independently associated with lower screening performance. Among women who had postpartum screening, the age- and race/ethnicity-adjusted proportion of IFG did not change over time (24.2 [95% CI 20.0–27.8] in 1995–1997 to 24.3 [22.6–26.0] in 2004–2006), but the proportion of women with diabetes decreased from 6.1 (95% CI 4.2–8.1) in 1995–1997 to 3.3 (2.6–4.0) in 2004–2006. Among women who received an OGTT in 2006, 38% of the 204 women with either diabetes or pre-diabetes were identified only by the 2-h glucose measurements. CONCLUSIONS—Postpartum screening has increased over the last decade, but it is still suboptimal. Compared with FPGs alone, the 2-h values identify a higher proportion of women with diabetes or pre-diabetes amenable to intervention.",https://www.semanticscholar.org/paper/0e6a5f18d2ad4b072cfa11643dc2a395a81ed3a1,0e6a5f18d2ad4b072cfa11643dc2a395a81ed3a1,207364202,10.2337/dc08-1184,True,https://diabetesjournals.org/care/article-pdf/32/2/269/600312/zdc00209000269.pdf
Maternal nutrition: effects on health in the next generation.,"Review, JournalArticle",2009-11-01,"Nearly 20 years ago, it was discovered that low birthweight was associated with an increased risk of adult diabetes and cardiovascular disease (CVD). This led to the hypothesis that exposure to undernutrition in early life increases an individual's vulnerability to these disorders, by 'programming' permanent metabolic changes. Implicit in the programming hypothesis is that improving the nutrition of girls and women could prevent common chronic diseases in future generations. Research in India has shown that low birthweight children have increased CVD risk factors, and a unique birth cohort in Delhi has shown that low infant weight, and rapid childhood weight gain, increase the risk of type 2 diabetes. Progress has been made in understanding the role of specific nutrients in the maternal diet. In the Pune Maternal Nutrition Study, low maternal vitamin B12 status predicted increased adiposity and insulin resistance in the children, especially if the mother was folate replete. It is not only maternal undernutrition that causes problems; gestational diabetes, a form of foetal overnutrition (glucose excess), is associated with increased adiposity and insulin resistance in the children, highlighting the adverse effects of the 'double burden' of malnutrition in developing countries, where undernutrition and overnutrition co-exist. Recent intervention studies in several developing countries have shown that CVD risk factors in the offspring can be improved by supplementing undernourished mothers during pregnancy. Results differ according to the population, the intervention and the post-natal environment. Ongoing studies in India and elsewhere seek to understand the long-term effects of nutrition in early life, and how best to translate this knowledge into policies to improve health in future generations.",https://www.semanticscholar.org/paper/0f937c458b4546bd3ddc52a7a0e66c465923d936,0f937c458b4546bd3ddc52a7a0e66c465923d936,39800998,N/A,False,N/A
The Cochrane Database of Systematic Reviews ‐ Issue 3 2009,"JournalArticle, Review",2009-08-01,"The door into The Cochrane Library on the internet (www.thecochranelibrary.com) opens into the world’s largest collection of reports of the findings of research relevant to health and wellbeing. The Library contains the Cochrane Database of Systematic Reviews, which houses the full text for more than 3700 Cochrane reviews that have already been published, along with the detailed protocols for an additional 1900 reviews that are at earlier stages of their development. Each of the reviews answers a focussed question about the effects of healthcare interventions and includes information on the methods used, studies found, analyses done, results obtained and conclusions reached by the researchers who did the review. The Cochrane Library is re-published in full every three months and the third issue for 2009 was published in July. The results and conclusions of 90 Cochrane reviews appeared for the first time and nearly 100 of the existing reviews were updated. For 19 of these, the evidence added to the review led to changes to the earlier conclusions. The up-to-date knowledge in Issue 3 of The Cochrane Library covers many areas of health and a wide variety of interventions. The new reviews identify effective strategies for protecting workers from loud noise (1), cast doubt on the claims that garlic can provide protection against the common cold (2), show the safety of iron supplementation for children in areas where malaria is endemic (3), and highlight the lack of reliable evidence for the protective effects of green tea against cancer (4). Among the updated Cochrane reviews, the research shows the benefits of strength training for older adults (5), the combination of oxycodone and paracetamol for postoperative pain management (6), the treatment of pregnant women diagnosed with gestational diabetes (7), and statins for people who have had a stroke (8). Updated Cochrane reviews also highlight the continuing lack of reliable evidence on the effects of early trophic feeding for very small babies (9), vitamin C for treating pneumonia (10), Chinese herbal medicine for premenstrual syndrome (11), and the need for practice-based interprofessional collaboration interventions to be implemented within the context of rigorous evaluation studies (12). Several of these new and updated Cochrane reviews have been highlighted in Evidence Pods, bringing the total number of podcasts in the collection to nearly 100. The podcasts, each lasting a few minutes, are available free on the Internet. They can be listened to, saved and shared from The Cochrane Collaboration’s website: www.cochrane.org/podcasts. In the following section, two of the Cochrane authors who recorded podcasts for earlier issues of The Cochrane Library tell us about their reviews.",https://www.semanticscholar.org/paper/142b789bb3031207e32b0ec863b4b3e3839fa774,142b789bb3031207e32b0ec863b4b3e3839fa774,30283300,10.1111/j.1756-5391.2009.01036.x,True,https://onlinelibrary.wiley.com/doi/pdfdirect/10.1111/j.1756-5391.2009.01036.x
"Fetal, infant, adolescent and adult phenotypes of polycystic ovary syndrome in prenatally androgenized female rhesus monkeys",JournalArticle,2009-09-01,"Old World monkeys provide naturally occurring and experimentally induced phenotypes closely resembling the highly prevalent polycystic ovary syndrome (PCOS) in women. In particular, experimentally induced fetal androgen excess in female rhesus monkeys produces a comprehensive adult PCOS‐like phenotype that includes both reproductive and metabolic dysfunction found in PCOS women. Such a reliable experimental approach enables the use of the prenatally androgenized (PA) female rhesus monkey model to (1) examine fetal, infant and adolescent antecedents of adult pathophysiology, gaining valuable insight into early phenotypic expression of PCOS, and (2) to understand adult pathophysiology from a mechanistic perspective. Elevated circulating luteinizing hormone (LH) levels are the earliest indication of reproductive dysfunction in late gestation nonhuman primate fetuses and infants exposed to androgen excess during early (late first to second trimester) gestation. Such early gestation‐exposed PA infants also are hyperandrogenic, with both LH hypersecretion and hyperandrogenism persisting in early gestation‐exposed PA adults. Similarly, subtle metabolic abnormalities appearing in young nonhuman primate infants and adolescents precede the abdominal adiposity, hyperliplidemia and increased incidence of type 2 diabetes that characterize early gestation‐exposed PA adults. These new insights into the developmental origins of PCOS, and progression of the pathophysiology from infancy to adulthood, provide opportunities for clinical intervention to ameliorate the PCOS phenotype thus providing a preventive health‐care approach to PCOS‐related abnormalities. For example, PCOS‐like traits in PA monkeys, as in PCOS women, can improve with better insulin–glucose homeostasis, suggesting that lifestyle interventions preventing increased adiposity in adolescent daughters of PCOS mothers also may reduce their risk of acquiring many PCOS‐related metabolic abnormalities in adulthood. Am. J. Primatol. 71:776–784, 2009. © 2009 Wiley‐Liss, Inc.",https://www.semanticscholar.org/paper/1fce7c332b5dc955aa1b482881cfdc0fc1bfa5aa,1fce7c332b5dc955aa1b482881cfdc0fc1bfa5aa,21051545,10.1002/ajp.20679,True,https://europepmc.org/articles/pmc2916860?pdf=render
An approach to the prediction of neonatal Erb palsy,JournalArticle,,"Abstract We devised a method to predict risk of neonatal Erb palsy using variables ascertainable before delivery. Multiple logistic regression modeling was used to construct an Erb palsy risk score from a case-control study of 45 consecutive Erb palsy cases and 90 controls. Receiver-operator characteristics identified a range of scores for which likelihood ratios were determined for calculation of predictive values across a range of prior probabilities. In the final model, large estimated fetal weight, gestational diabetes, large maternal body mass index, large weight gain, and black race were associated with 2.3–4.8 times greater odds of Erb palsy. A long second stage had a modest effect on the odds (OR=2.7, P=0.13), unless preceded by a long deceleration phase, which combination increased the odds of Erb palsy to 20.1 (P=0.001). A risk score of 0.72 had a sensitivity of 36% and a specificity of 99%. In a theoretical population with a birth prevalence of brachial plexus palsy of 2.5/1000, application of the risk score would prevent 36% of cases and result in about 14 cesareans for every nerve injury prevented. We conclude that risk scoring using multiple logistic regression coefficients of variables that can be known in time to affect decision-making about mode of delivery has the potential to guide intervention to prevent some Erb palsies.",https://www.semanticscholar.org/paper/365f69308cb105c95ae0f9f3782ebe5922496a62,365f69308cb105c95ae0f9f3782ebe5922496a62,2461039,10.1515/JPM.2009.021,False,N/A
Hypertensive Disorders in Pregnancy and Subsequently Measured Cardiovascular Risk Factors,JournalArticle,2009-11-01,"OBJECTIVE: To study the association of hypertensive pregnancy disorders with modifiable risk factors for cardiovascular and metabolic diseases and to estimate the feasibility for early detection and prevention. METHODS: This was a prospective study of 15,065 women with a first singleton birth between 1967 and 1995, who later participated in a population study that included standardized measurements of blood pressure, serum lipids, and body mass index (BMI). RESULTS: Women with a history of hypertensive disorders in pregnancy (preeclampsia or gestational hypertension) had higher BMI, higher blood pressure, and unfavorable levels of total cholesterol, low-density lipoprotein cholesterol, and triglycerides. Preeclampsia was associated with substantially higher risk of developing diabetes (odds ratio 3.8, 95% confidence interval [CI] 2.1–6.6), and if the hypertensive disorder occurred in more than one pregnancy, or in a relatively late pregnancy, the associations with later cardiovascular risk factors were substantially stronger. Thus, women with two episodes of preeclampsia were approximately 10 times more likely to use blood pressure medication at follow-up (adjusted odds ratio, 11.6, 95% CI 7.1–26.3), and in women with gestational hypertension in three consecutive pregnancies, systolic pressure was on average 27 mm Hg (95% CI 18–37 mm Hg) higher, and diastolic pressure was 12 mm Hg (95% CI 5–19 mm Hg) higher, compared with women without a history of hypertensive disorders. Adjustment for current body mass index partly attenuated these associations, suggesting that BMI may play an important mediating role. CONCLUSION: Women with a history of hypertensive disorders in pregnancy, and particularly women with recurrent pregnancy disorders, should be candidates for intervention intended to prevent premature cardiovascular disease. LEVEL OF EVIDENCE: II",https://www.semanticscholar.org/paper/5649b741dc027a6897681fea7bcedebce274dfed,5649b741dc027a6897681fea7bcedebce274dfed,45938721,10.1097/AOG.0b013e3181bb0dfc,False,N/A
Postpartum glucose tolerance screening in women with gestational diabetes in the state of North Carolina.,"JournalArticle, Review",,"OBJECTIVE
To determine how frequently health care providers taking care of women with gestational diabetes mellitus (GDM) are screening for postpartum glucose tolerance and what practice approaches they are using to care for women with GDM.


METHODS
A mailed survey assessed health care providers' knowledge of GDM and practice patterns. Factors influencing practice protocols for measuring glucose tolerance postpartum were identified.


RESULTS
Of 1,002 eligible North Carolina health professionals, 399 responded (40%); 327 of these (82%) were providing prenatal and postpartum care and returned the completed surveys. Almost all providers (98%) screen for GDM, and the majority (97%) use the 50-gram one-hour glucose challenge test. Only 27% of respondents always screen for diabetes mellitus (DM) postpartum. The most common method for screening was the 75-gram two-hour glucose tolerance test (54%). The factors most commonly associated with failure to screen were patients lost to follow-up, patient inconvenience, and inconsistent screening guidelines. A majority (59%) stated that increased reimbursement would have little to no impact on their consistency in providing diabetic counseling.


CONCLUSIONS
The rate of postpartum glucose tolerance testing is low in this study of providers of postpartum care. Several modifiable barriers to screening were identified. There is a need for improved screening practices and early intervention that could help prevent the complications of DM and benefit subsequent pregnancies in this high risk population.",https://www.semanticscholar.org/paper/5b0b47c828e2c1785ac995b4f82ba304b4b1b422,5b0b47c828e2c1785ac995b4f82ba304b4b1b422,40811319,N/A,False,N/A
Perinatal mortality: a sporadic event or a recurrent catastrophe?,JournalArticle,2009-03-01,,https://www.semanticscholar.org/paper/72dffdcbd37049ec0cdb54f4d2956541d28a1b37,72dffdcbd37049ec0cdb54f4d2956541d28a1b37,24929243,10.1007/s00404-008-0702-8,False,N/A
A randomized controlled trial of prenatal physical activity to prevent gestational diabetes: design and methods.,JournalArticle,2009-06-10,"BACKGROUND
Women diagnosed with gestational diabetes mellitus (GDM) are at substantially increased risk of developing type 2 diabetes and obesity, currently at epidemic rates in the United States. GDM, therefore, identifies a population of women at high risk of developing type 2 diabetes and provides an opportunity to intervene before the development of this disorder. It is well recognized that acute as well as chronic physical activity improves glucose tolerance in type 2 diabetes. To date, however, primary prevention trials have not been conducted to test whether an increase in physical activity reduces risk of developing GDM among women at high risk of this disorder.


METHODS
The aims of this study are to investigate the effects of a motivationally targeted, individually tailored 12-week physical activity intervention on (1) development of GDM, (2) serum biomarkers associated with insulin resistance, and (3) the adoption and maintenance of exercise during pregnancy. Women at high risk of GDM are recruited in early pregnancy and randomized to either an individually tailored exercise intervention or a comparison health and wellness intervention.


RESULTS
The overall goal of the exercise intervention is to encourage pregnant women to achieve the American College of Obstetricians and Gynecologists guidelines for physical activity during pregnancy through increasing walking and developing a more active lifestyle.


CONCLUSIONS
The intervention takes into account the specific social, cultural, economic, and physical environmental challenges faced by pregnant women of diverse socioeconomic and ethnic backgrounds.",https://www.semanticscholar.org/paper/73fe19fd6b2de44af782afbb1826c600e24e5cef,73fe19fd6b2de44af782afbb1826c600e24e5cef,368065,10.1089/jwh.2008.1006,True,https://europepmc.org/articles/pmc2851124?pdf=render
"Family History of Diabetes, Parental Body Mass Index Predict Obesity in Latino Children","JournalArticle, Review",2009-10-30,"Purpose The purpose of this study is to examine the association between family history of diabetes (FHD), body mass index (BMI), and acculturation with children’s BMI status. Methods Baseline data from a randomized community intervention trial promoting healthy eating and physical activity were collected in children living in San Diego, California. A self-administered survey was completed by primary caregivers at each school assessing maternal diabetes, BMI, acculturation, and socioeconomic status (SES). Anthropometric data (height, weight, and BMI) from mothers and children were also collected. Results A total of 812 caregivers completed the baseline survey. Adjusting for maternal age, marital status, and socioeconomic level, women who had been diagnosed with diabetes or gestational diabetes or who received diabetes treatment were significantly more likely to have overweight children. Maternal BMI was also associated with children’s weight. Maternal acculturation level was marginally associated with children’s BMI. Conclusions FHD, gestational diabetes, and BMI were associated with children’s overweight status. More comprehensive interventions are needed to prevent obesity in Latino children and adults.",https://www.semanticscholar.org/paper/76395bf975e42c579364ed6a948d20c9fee6ccf5,76395bf975e42c579364ed6a948d20c9fee6ccf5,1075132,10.1177/0145721709348069,False,N/A
Continuous glucose monitoring improved glycaemic control in pregnant women with diabetes and reduced infant macrosomia,"JournalArticle, LettersAndComments",2009-03-25,"H R Murphy

Dr H R Murphy, University of Cambridge, Cambridge, UK; hm386@medschl.cam.ac.uk

Does continuous glucose monitoring (CGM) improve glycaemic control in pregnant women with diabetes and reduce infant macrosomia?

### Design:

randomised controlled trial. Current Controlled Trials ISRCTN84461581.

### Allocation:

concealed.

### Blinding:

unblinded.

### Follow-up period:

to delivery.

### Setting:

2 diabetes antenatal clinics in the UK.

### Patients:

71 pregnant women (mean age 31 y, mean gestational age 9 wks) who had type 1 diabetes (65% of women) or type 2 diabetes (35%) treated with insulin.

### Intervention:

CGM plus standard antenatal care (n = 38) or standard care alone (n = 33). CGM was done every 4–6 weeks until 32 weeks of gestation. A subcutaneous sensor, attached to a portable monitor, was implanted by a nurse into the woman’s hip and worn for 5–7 days. The device recorded average tissue glucose concentrations every 5 minutes, but results …",https://www.semanticscholar.org/paper/78b754c3adf292684a1f9fb0109a3a164a5d023a,78b754c3adf292684a1f9fb0109a3a164a5d023a,206932222,10.1136/ebn.12.2.43,False,N/A
Design of FitFor2 study: the effects of an exercise program on insulin sensitivity and plasma glucose levels in pregnant women at high risk for gestational diabetes,JournalArticle,2009-01-05,,https://www.semanticscholar.org/paper/7922b6472de18d846c24cca3810907ec757dbe93,7922b6472de18d846c24cca3810907ec757dbe93,8564000,10.1186/1471-2393-9-1,True,https://bmcpregnancychildbirth.biomedcentral.com/counter/pdf/10.1186/1471-2393-9-1
Peroxisome proliferator-activated receptor-gamma agonist improves skeletal muscle insulin signaling in the pregestational intrauterine growth-restricted rat offspring.,JournalArticle,2009-08-01,"The effect of early intervention with a peroxisome proliferator-activated receptor-gamma (PPARgamma) agonist on skeletal muscle GLUT4 translocation and insulin signaling was examined in intrauterine (IUGR) and postnatal (PNGR) growth-restricted pregestational female rat offspring. Rosiglitazone [11 mumol/day provided from postnatal day (PN)21 to PN60] improved skeletal muscle insulin sensitivity and GLUT4 translocation in prenatal nutrient restriction [50% calories from embryonic day (e)11 to e21; IUGR] with (IUGR+PNGR) and without (IUGR) postnatal nutrient restriction (50% calories from PN1 to PN21; PNGR) similar to that of control (ad libitum feeds throughout; Con) (n = 6 each). This was accomplished by diminished basal and improved insulin-responsive GLUT4 association with the plasma membrane in IUGR, IUGR+PNGR, and PNGR mimicking that in Con (P < 0.005). While no change in p85-phosphatidylinositol 3-kinase (PI3-K) and phosphatase and tensin homolog deleted on chromosome 10 (PTEN) was observed, a decrease in protein tyrosine phosphatase 1B (PTP1B; P < 0.0002) and SH2-containing protein tyrosine phosphatase 2 (SHP2; P < 0.05) contributing to the rosiglitazone-induced insulin sensitivity was seen only in IUGR+PNGR. In contrast, an increase in phosphorylated 5'-adenosine monophosphate kinase (pAMPK; P < 0.04) and insulin responsiveness of phosphorylated phosphoinositide-dependent protein kinase-1 (pPDK1; P < 0.05), pAkt (P < 0.01), and particularly pPKCzeta (P < 0.0001) and its corresponding enzyme activity (P < 0.005) were observed in all four experimental groups. We conclude that early introduction of PPARgamma agonist improved skeletal muscle activation of AMPK and insulin signaling, resulting in insulin-independent AMPK and insulin-responsive GLUT4 association with plasma membranes in IUGR, IUGR+PNGR, and PNGR adult offspring, similar to that of Con. These findings support a role for insulin sensitizers in preventing the subsequent development of gestational or type 2 diabetes mellitus in intrauterine and postnatal growth-restricted offspring.",https://www.semanticscholar.org/paper/8ad498ef45e7e6fe3c0c505b1c756eee06608eae,8ad498ef45e7e6fe3c0c505b1c756eee06608eae,19669640,10.1152/ajpendo.00008.2009,True,N/A
Point: Universal Screening for Gestational Diabetes Mellitus,JournalArticle,2009-07-01,"Gestational diabetes mellitus (GDM) is one of the most common medical disorders found in pregnancy. Rates can range from 2 to >10%, and sometimes much higher, depending on the population being tested and the diagnostic criteria being used (1). The prevalence of GDM ultimately reflects the background rate of type 2 diabetes. There has also been an increase in the rate of GDM over the last generation, possibly related to community lifestyle factors as well as better case ascertainment (2,3).

### Significance of GDM

GDM is associated with a trilogy of risks. Significant pregnancy complications including increased perinatal morbidity and possibly mortality can occur (4,5). A diagnosis of GDM also identifies a mother at high risk for the future development of type 2 diabetes (1). The effects of maternal hyperglycemia (of any kind) are associated with the development of metabolic problems including type 2 diabetes in the offspring (6). It is, perhaps, for this effect of intrauterine programming that the disorder is most worthy of detection.

It has now been demonstrated that the treatment of GDM improves pregnancy outcomes. In the Australian Carbohydrate Intolerance Study in Pregnant Women (ACHOIS), the incidence of serious perinatal complications (a composite of death, shoulder dystocia, nerve palsy, and fracture) was 4% among women randomized to routine care compared with 1% among the intervention group (5). The number of GDM cases that needed to be treated to prevent one serious perinatal complication was 34. This indicates that excess serious perinatal complications will occur in 3% of cases of untreated or unrecognized GDM. This is a most compelling immediate argument for the screening of GDM given that the failure to identify a woman with GDM denies her the opportunity to have treatment for potentially preventable serious fetal complications.

### Why conduct selective screening for GDM?

Therefore, if we accept that GDM is …",https://www.semanticscholar.org/paper/8ae78221d298bdca9228bc56a3f338be442eb7df,8ae78221d298bdca9228bc56a3f338be442eb7df,6890414,10.2337/dc09-0188,True,https://diabetesjournals.org/care/article-pdf/32/7/1349/605062/zdc00709001349.pdf
Factors associated with breastfeeding up to 6 months postpartum in mothers with diabetes.,JournalArticle,2009-09-01,"OBJECTIVES
To identify breastfeeding behavior in a group of women with diabetes and to determine factors that may influence breastfeeding rates in this population.


DESIGN
A 2-year retrospective study.


SETTING
Derby City General Hospital, Derby, UK.


PARTICIPANTS
Ninety-four women with diabetes.


METHODS
Data were collected using questionnaire and maternal clinical records.


RESULTS
Women with gestational diabetes mellitus intended to and breastfed more than women with type 1 and type 2 diabetes at 2 weeks postpartum (p<.05). Logistic regression showed that the type of diabetes was the most significant predictor of breastfeeding at birth (p<.05). At 1, 2, and 6 weeks and 4 months postpartum, maternal body mass index was negatively associated with breastfeeding (p<.05). At 6 months, socioeconomic status predicted breastfeeding (p<.05).


CONCLUSION
Type of diabetes is a significant predictor of breastfeeding initiation. At later stages of postpartum, maternal body mass index and socioeconomic status were significant predictors of infant feeding method. Identification of these factors can help in developing appropriate and timely interventions to more effectively promote breastfeeding.",https://www.semanticscholar.org/paper/8d4d0feb7815eca24169d476c65d39e3fd0b637b,8d4d0feb7815eca24169d476c65d39e3fd0b637b,35411328,10.1111/j.1552-6909.2009.01052.x,False,N/A
Disparities in the prevalence of diabetes: is it race/ethnicity or socioeconomic status? Results from the Boston Area Community Health (BACH) survey.,"JournalArticle, Review",,"OBJECTIVES
Many researchers and clinicians continue to believe that non-modifiable race/ ethnicity is a major contributor to diabetes, prompting a well-intentioned search for genetic and bio-physiological explanations. We seek to reinforce earlier findings showing that socioeconomic status is more strongly associated with diabetes prevalence than race/ ethnicity and suggests a very different and potentially modifiable etiologic pathway.


METHODS
A community-based epidemiologic survey of 5503 Boston residents aged 30-79 years (1767 Black, 1877 Hispanic, 1859 White; 2301 men and 3202 women).


RESULTS
After adjusting for age and sex, Blacks and Hispanics have statistically significantly increased odds of having diabetes: Black (OR, 2.0; 95% CI, 1.4-2.9) and Hispanic (2.4; CI 1.6-3.4) compared to Whites. If socioeconomic status, a combination of education and income, is added to the model, these odds are reduced for both Blacks (OR 1.6; CI, 1.1-2.2) and Hispanics (OR 1.6; CI, 1.1-2.3). In a multivariate logistic regression adjusting for age, sex, socioeconomic status, obesity, hypertension, gestational diabetes, physical activity, trouble paying for basics, health insurance status, and family history of diabetes, these odds are reduced further: Black (OR 1.0; CI, 0.7-1.5) and Hispanic (OR 1.3; CI, 0.9-2.1) and are no longer statistically significant.


CONCLUSIONS
Consistent with other reports, we find socioeconomic status has a much stronger association with diabetes prevalence than race/ethnicity. Continuing to focus on race/ethnicity as a primary determinant of diabetes prevalence overemphasizes the importance of biomedical factors and diverts effort from socio-medical interventions such as improving social circumstances, access to effective care, and upstream redistributive social policies.",https://www.semanticscholar.org/paper/a168e0cb0fb1ef7e5d9ad263a409484ee49b0794,a168e0cb0fb1ef7e5d9ad263a409484ee49b0794,16306369,10.13016/I93R-I8SH,False,N/A
Perspectives of Latina and Non-Latina White Women on Barriers and Facilitators to Exercise in Pregnancy,JournalArticle,2009-11-30,"Exercise during pregnancy has been associated with reduced risk of gestational diabetes mellitus, however, twice as many women are sedentary during pregnancy as compared to when they are not pregnant. We conducted 3 focus groups among 20 pregnant Latina and non-Latina white women to identify barriers and facilitators to exercise in pregnancy to inform a gestational diabetes mellitus intervention study. Quantitative analyses of demographic data, and qualitative analyses of focus groups were conducted. Women identified physical limitations and restrictions, lack of resources, energy, and time as powerful exercise barriers. Social support, access to resources, information, proper diet, scheduling, and the weather were identified as powerful facilitators. Intervention programs designed for pregnant women should facilitate social support, provide information and resources, as well as promote short-term and long-term benefits.",https://www.semanticscholar.org/paper/a68c412abff4e82d04c1d816d5eaf154a9f259d5,a68c412abff4e82d04c1d816d5eaf154a9f259d5,34002334,10.1080/03630240903427114,True,https://europepmc.org/articles/pmc2796193?pdf=render
The Effect of Teenage Maternal Obesity on Perinatal Outcomes,"JournalArticle, Review",2009-02-01,"OBJECTIVE: To estimate the effect of obesity on perinatal outcomes among inner-city teenage pregnant women. METHODS: In this retrospective cohort study, we reviewed all nulliparous teenaged (aged 18 years and younger) deliveries at the Washington Hospital Center between 2000 and 2004. Overweight and obese teenagers (body mass index at or above 25.0 kg/m2) were compared with normal-weight (body mass index less than 25.0 kg/m2) teenagers. Frequencies and odds ratios for adverse maternal–fetal outcomes were calculated. RESULTS: Of the 10,322 deliveries that occurred during the study period, 712 (7%) were to teenagers. Among the 458 nulliparous teenaged mothers, 274 (60%) were normal weight and 184 (40%) were overweight/obese. Compared with normal-weight teens (n=274), obese teens (n=78) were at higher risk for cesarean delivery (adjusted odds ration [OR] 4.3, 95% confidence interval [CI] 2.4–7.6) and gestational diabetes (adjusted OR 4.2, 95% CI 1.5–12.1). Overweight teens (n=106) had lower risk for preterm birth at less than 37 and less than 34 weeks of gestation (adjusted OR 0.28, 95% CI 0.10–0.77 and adjusted OR 0.11, 95% CI 0.01–0.80, respectively). CONCLUSION: Overweight and obese teenage mothers are at increased risk for adverse perinatal outcomes. Research on optimal weight for pregnant teens and weight control interventions is needed. LEVEL OF EVIDENCE: II",https://www.semanticscholar.org/paper/b53170a36f484ed5839fab68b92b4a26044d57f1,b53170a36f484ed5839fab68b92b4a26044d57f1,2694988,10.1097/AOG.0b013e3181945b8a,False,N/A
Neonatal Escherichia coli Meningitis can be Complicated by Central Permanent Diabetes Insipidus,"JournalArticle, CaseReport",2009-03-01,"A female infant was born at 31 weeks gestation with normal measurements for age and good adaptation to extra-uterine life. The mother had an Escherichia coli urinary tract infection at 30 weeks. One week later, chorioamnionitis led to premature delivery. There was no precocious foeto-maternal infection. At day 15, apneas revealed E. coli sepsis and meningitis. Intravenous antibiotics were administered including cefotaxime 200 mg/kg/d for 23 days and gentamycin 3 mg/kg/d for 10 days. Active hydrocephaly appeared; successful surgical intervention with ventriculocysternostomy was performed on day 44. Two days after the onset of the meningitis, the infant presented dehydration. I lyperhydration was inefficient in correcting the dehydration and we had a paradoxical conservation of diuresis with low urine sodium level and low urine osmolality. Administration of desmopressin acetate (DDAVP) intranasally confirmed the diagnosis of central diabetes insipidus with rapid normalisation of electrolytes. Cerebral magnetic resonance imaging showed no physiological high-intensity area on the posterior pituitary gland on sagittal Tl-weighted imaging. Partial central hypothyroidism was revealed at 3 months of age. No other pituitary deficiency was noted. Neurodevelopmental impairment with bilateral perception deafness and partial blindness was assessed. This observation reports the first case of permanent diabetes insipidus caused by neonatal meningitis with E. coli.",https://www.semanticscholar.org/paper/bc0b51fe37a46fe50c3cad90d5878a3079e43cd0,bc0b51fe37a46fe50c3cad90d5878a3079e43cd0,11824242,10.1515/JPEM.2009.22.3.213,False,N/A
Long-term prognostic factors in the diagnosis of gestational diabetes.,"Review, JournalArticle",2009-05-14,"Gestational diabetes mellitus (GDM) is an increasingly common condition, affecting 7% of all pregnancies in the UK. With an array of associated complications both for mother and foetus, early detection and diagnosis of the condition is pivotal to successful intervention strategies and long-term management. This article looks at diagnosis, treatment and management of GDM and examines the impact of an initial diagnosis of impaired glucose tolerance (IGT) and/or GDM and how the prognosis for long-term health is influenced by such a diabetogenic manifestation. It is fundamental to the prevention or delayed onset of type II diabetes mellitus that patients are aware of the risk factors associated with their general health. With rising cases of maternal obesity, later age of gestation and increasingly sedentary lifestyles in women of child-bearing age, health-care professional future involvement with IGT and GDM patients is guaranteed.",https://www.semanticscholar.org/paper/bf300d5cdb312dec444bb25d5f6b6303334a2bd9,bf300d5cdb312dec444bb25d5f6b6303334a2bd9,42599291,10.12968/BJON.2009.18.9.42253,False,N/A
Obesity and pregnancy: implications and management strategies for providers.,"Review, JournalArticle",2009-12-01,"Obesity in pregnancy (pregravid body mass > or =30) has been linked to several adverse pregnancy outcomes, including spontaneous abortion, preeclampsia, gestational diabetes, fetal macrosomia, cesarean delivery, and wound complications post-cesarean section. Intrapartum and postpartum management of obese gravidas requires multidisciplinary consultations between obstetricians, anesthesiologists, nurses, and pediatricians in order to improve the pregnancy outcomes of the mother and neonate. The American College of Obstetricians and Gynecologists currently supports risk-reducing strategies for obese pregnant patients, including limiting weight gain to 15 lb (standardized by the Institute of Medicine). Interventions to reduce gestational weight gain may be important modifiable risk factors for maternal and fetal perinatal complications. Interventions have targeted modifications of diet and exercise with educational methods such as radio broadcasts, pamphlets, and counseling. Interventions have also focused on motivational methods, such as individual and group classes, and have been implemented both before conception and immediately after birth. Effective interventions appear to be individualized in approach, but there is a lack of data to support any specific model. Prospective interventional studies are needed to demonstrate the benefits of weight limitation on pregnancy outcomes.",https://www.semanticscholar.org/paper/cadf340b43541d4f140ebb16c5a49ade05cb698b,cadf340b43541d4f140ebb16c5a49ade05cb698b,21589589,10.1002/msj.20148,False,N/A
Risk perception and unrecognized type 2 diabetes in women with previous gestational diabetes mellitus,JournalArticle,2009-09-01,"Women with a history of gestational diabetes mellitus (GDM) have a high chance of developing type 2 diabetes mellitus (T2DM) following the index pregnancy, however, little is known of women's perception of this risk. The objectives were to (1) determine women's perception of risk of future development of T2DM following a GDM pregnancy and (2) describe the prevalence of undetected dysglycaemia in a Canadian population. The study was designed as a 9–11 year follow-up study of women previously enrolled in a randomized controlled trial of tight versus minimal intervention for GDM. Women's perception of future risk of diabetes was determined by questionnaire. Fasting lipid profile, height and weight were performed on all participants. Oral glucose tolerance tests were performed on all women without prior history of diabetes mellitus type 2 (DM2). The study was conducted at Ottawa Hospital General Campus and Children's Hospital of Eastern Ontario, in Ottawa, Canada. Eighty-nine of 299 (30%) of the original cohort were recruited. Eighty-eight women completed the questionnaire and 77 women without known diabetes underwent two hour glucose tolerance testing. Twenty-three (30%) felt their risk was no different than other women or did not know, 27 (35%) felt risk was increased a little and 27 (35%) felt risk was increased a lot. Only 52% (40/77) had normal glucose tolerance. Of all, 25/88 (28%) patients had diabetes (11 previously diagnosed and 14 diagnosed within the study). Of those newly diagnosed with DM2, four (29%) were diagnosed by fasting glucose, six (42%) by two hour glucose tolerance test (GTT) alone and four (29%) by both. Twenty-four of the women (27%) had impaired glucose tolerance (IGT). Of those with IGT, 12 (57%) had a fasting food glucose < 5.6 mmol/L. In the high-risk perception group with newly diagnosed diabetes, two were overweight, seven were obese, four had a family history of DM2, and all had a waist circumference >88 cm. In conclusion the perception of being at high risk for T2DM did not prevent women from having undetected T2DM. Many factors are likely to contribute to this, including the reliance on screening tests (i.e. fasting glucose) rather than a two hour GTT to detect diabetes. Further studies on effective public and health-care provider education and intervention are needed to identify this high-risk population.",https://www.semanticscholar.org/paper/e77e09a69001160e1c1e4852321f1b9e01c32c7e,e77e09a69001160e1c1e4852321f1b9e01c32c7e,24666875,10.1258/om.2009.080063,True,https://europepmc.org/articles/pmc4989747?pdf=render
Maternal nutritional history predicts obesity in adult offspring independent of postnatal diet,"JournalArticle, LettersAndComments",2009-07-01,"In the mid-1980s, Dr David Barker began a new field of work examining the impact of events that occurred during pregnancy on the long-term health of the fetus. This work led to the theory of Developmental Origins of Health and Disease (DOHaD). Since that time, researchers have found robust epidemiological links between fetal environment and long-term health. Much of the original research into DOHaD centred around the effects of undernutrition. With the rising prevalence of maternal obesity and the hypercaloric environment of most developed countries, more recent studies have examined the effects of overnutrition on the development of diabetes, cardiovascular disease and obesity. Studies in humans have shown that the offspring of obese mothers are also more likely to be obese (Gale et al. 2007). However, the mechanism for this transfer of risk from mother to child is currently unknown. The relatively quick rise in the obesity epidemic suggests that environmental and/or epigenetic influences are at the root of the problem rather than a major shift in the genome in keeping with DOHaD. 
 
In a recent issue of The Journal of Physiology, Howie et al. (2009) examined the long-term impact of a moderately high fat diet during preconception and/or pregnancy and lactation on postnatal growth and metabolism of the offspring from birth to adulthood. After weaning, the authors assigned 24 weight-matched virgin Wistar rats to one of three groups: (1) controls (Cont) where dams were fed a standard chow diet throughout life; (2) maternal high fat (MHF) where dams were fed a high fat diet throughout life; or (3) pregnancy and lactation high fat (PLHF) where dams were fed a chow diet from weaning to conception and a high fat diet during pregnancy and lactation. At postnatal day 110, the dams underwent dual energy X-ray absorptiometry (DEXA) to assess body fat. Ten days later they were mated. Throughout gestation and lactation, the dams were weighed and food intake was measured on a daily basis. After delivery, the litter size was culled to eight pups (4 male and 4 female) who were weighed every 3 days until weaning. After weaning, plasma insulin and leptin levels were measured in the dams following an overnight fast. After weaning, the offspring were randomly assigned to a high fat or chow diet ad libitum. On day 150 body composition was assessed via DEXA in the offspring. Ten days later the offspring were killed to measure leptin, glucose and insulin concentrations. 
 
This study is the first to examine the effect of a maternal high fat diet on critical time points during fetal development and post-weaning on long-term obesity in the offspring. The major findings of this study were: (1) the offspring of dams fed a high fat diet during pregnancy and lactation had significantly smaller pups; (2) a post-weaning high fat diet increased adiposity in all groups but the offspring whose dams were fed a high fat diet during pregnancy and lactation (MHF and PLHF) had elevated adiposity compared to Cont regardless of post-weaning diet; (3) this increased adiposity was accompanied by hyperinsulinaemia and hyperleptinaemia; and (4) maternal pre-conceptual diet did not impact offspring adiposity. 
 
The authors suggest that it is the diet in pregnancy and lactation, not pre-conception, that is the important influence on the long-term health of the offspring. Recently Bayol et al. (2008) examined the impact of a ‘junk food’ diet during pregnancy and lactation on adiposity of the offspring. These authors found that a maternal junk food diet increased adiposity in the offspring (at 70 days post delivery). They found that the adiposity that occurs as a result of a maternal junk food diet is not reversed when the offspring are fed a chow diet after weaning. The combined results of these two studies could have major implications for prevention of childhood obesity. Lifestyle interventions that begin during pregnancy which emphasize healthy eating may be able to break the transgenerational risk of obese mothers raising obese children. However, in order to more conclusively demonstrate the importance of a healthy diet during pregnancy and lactation, a fourth group should be added to the study by Howie et al. (2009). This potential fourth group would be placed on a high fat pre-conceptual diet followed by a chow diet during pregnancy and lactation. If offspring adiposity is unchanged from the Cont group or lower than the MHF and PLHF groups, this would lend strong support to dietary interventions in the pregnancy and lactation period to prevent childhood obesity. 
 
It was unfortunate that maternal glucose was not measured during pregnancy (Howie et al. 2009). Although the authors suggest that gestational diabetes can be ruled out in the MHF and PLHF groups since the offspring were not macrosomic, it has been shown in human populations that pregnancies affected by gestational diabetes can result in growth-restricted infants. In addition, maternal obesity per se has been found to adversely affect glucose metabolism in the offspring (Chen et al. 2008). Although glucose levels were not different for offspring groups in adulthood, glucose levels were not measured immediately after delivery (Howie et al. 2009). Alternatively, the finding of smaller offspring could be a reflection of the composition (fat, protein and carbohydrate) of the maternal diet. A diet that is high in fat means that it is lower in carbohydrates and/or protein. Studies examining the effects of a low protein maternal diet indicate that the offspring are of a lower birth weight than those whose mothers ate sufficient protein during pregnancy. Since the composition of the high fat maternal diet was not reported, this possibility cannot be ruled out. 
 
Leptin and insulin resistance is a common phenotype of diet-induced obesity. Leptin works with insulin to directly affect the hypothalamic regulation of appetite (Chen et al. 2008). The adult offspring of MHF and PLHF dams in the present study were both hyperinsulinaemic and hyperleptinaemic indicating resistance to these hormones (Howie et al. 2009). However, 2 days after delivery the offspring of MHF and PLHF dams exhibited suppressed leptin and insulin. Although these finding are of interest, they do not provide insight into the role that leptin and insulin may play in the development of adiposity in the offspring. The authors note that they are currently investigating this relationship; however, Chen et al. (2008) examined the effect of a maternal high fat diet on offspring appetite regulation and metabolism at 20 days after delivery. These authors found that maternal obesity caused programming in utero of the brain appetite centres via increases in neuropeptide Y and decreases in proopiomelanocortin (POMC) potentially through regulation via leptin. Offspring appetite is set within weeks after delivery and low levels of leptin can programme the brain appetite centres to increase appetite throughout life. Bouret et al. (2004) demonstrated that administration of leptin soon after delivery could prevent the programming of increased appetite; however, administration in adulthood had no effect. These results indicate that there are critical periods during offspring development (pregnancy and the early postpartum period) for the development of appetite regulation. 
 
Howie et al. (2009) found that the relative pregnancy weight gain was not different between the three groups. As a result they suggest that it is the composition of the maternal diet rather than excess caloric intake resulting in an elevated pregnancy weight gain that affects offspring obesity. However, in humans there are guidelines for maternal weight gain set by the Institute of Medicine in 1990 which recommends a decreased maternal weight gain with increasing BMI. Since dams who were fed a high fat diet before conception started pregnancy at a higher body mass, it could be suggested that these dams should have gained less weight during pregnancy and the finding that they gained the same amount of weight was actually detrimental. The authors’ suggestion that composition (fat, protein and carbohydrate) of the maternal diet is more important than maternal weight gain in determining offspring obesity requires further investigation. Future studies examining the effect of a maternal hypercaloric, normal fat diet compared to a normal caloric, high fat diet on offspring obesity during adulthood would be interesting. 
 
In summary, the authors are to be commended for their investigation of the influence of a maternal high fat diet on the long-term outcome of the offspring. This information suggests that dietary interventions that begin after conception could have a profound impact on the long-term health of the offspring.",https://www.semanticscholar.org/paper/e97394acdb5b1d6bb031609c74a572f0ad16f749,e97394acdb5b1d6bb031609c74a572f0ad16f749,28386243,10.1113/jphysiol.2009.174896,True,N/A
Prevalence and determinants of retinopathy in a cohort of Lebanese type II diabetic patients.,"JournalArticle, Study",2009-06-01,"OBJECTIVE
Our aim was to determine the prevalence and the risk factors for diabetic retinopathy (DR) in a cohort of type II diabetic patients in Lebanon.


DESIGN
Prospective observational cohort study.


PARTICIPANTS
Five hundred consecutive patients with type II diabetes mellitus followed at the American University of Beirut Medical Center diabetes clinic were enrolled in the study.


METHODS
All patients 18 years or older with diabetes mellitus who did not have gestational diabetes and who were able to complete the laboratory data and the retinal examination were invited to participate in the study; they were followed up for a period of 3 years.


RESULTS
DR was present in 175 patients (35%), 130 (26%), and 45 (9%) having nonproliferative and proliferative DR, respectively. Clinically significant macular edema was present in 42 patients (8%). Microvascular and macrovascular diabetic complications, duration of disease, glycemic control, presence of hypertension (p < 0.003), systolic blood pressure (p = 0.04), and insulin use (p < 0.001) were individually significantly associated with a higher prevalence of DR on bivariate analysis. However, on multivariate regression analysis, only glycosylated hemoglobin >7% (odds ratio [OR] 2.81, 95% CI 1.06-7.43, p = 0.038), duration of diabetes (per 10 years, OR 9.0, 95% CI 4.0-20.0, p < 0.001), macroalbuminuria (OR 2.6, 95% CI 1.14-5.96 p = 0.023), and systolic blood pressure (per 10 mm Hg, OR 1.27, 95% CI 1.0-1.56, p = 0.037) were independent risk factors for DR.


CONCLUSIONS
The elevated prevalence of DR in type II diabetic patients with high risk profiles calls for early medical intervention and education about DR and its identified controllable risk factors.",https://www.semanticscholar.org/paper/f1491173a280c2802ae1c597ff094fcc4771ab00,f1491173a280c2802ae1c597ff094fcc4771ab00,8713414,10.3129/i09-029,False,N/A
Systematic Review: Elective Induction of Labor Versus Expectant Management of Pregnancy,"Review, JournalArticle",2009-08-18,"Induction of labor is increasing in the United Statesfrom 9.5% of births in 1990 to 22.1% of births in 2004 (1, 2). Labor may be induced because of maternal (for example, diabetes mellitus, unstable cardiac disease, hypertensive disease of pregnancy) or fetal (for example, nonreassuring results on antenatal testing, intrauterine growth restriction) indications. Induction of labor without a medical indication is termed elective induction of labor and appears to be increasing even more rapidly than induction of labor as a whole (35). Elective induction may be motivated by a variety of reasons. For example, pregnant women may wish to end their pregnancy because of physical discomfort; concern that rapidly progressing labor would preclude timely arrival at the hospital or epidural placement; scheduling issues; or ongoing concerns for maternal, fetal, or neonatal complications (1). Clinicians caring for pregnant women (such as obstetricians, family practice physicians, and midwives) may have similar nonmedical reasons for recommending elective induction of labor for their patients (4). They, too, may wish to end the ongoing risk for complications in the pregnancy, limit their patients' physical discomfort, or reduce the risks imposed by geographic barriers (6, 7). Clinicians may also have an incentive to use elective induction for their own economic benefit and scheduling preferences. Thus, it is imperative to characterize the potential maternal and neonatal outcomes associated with elective induction of labor. Elective induction of labor necessarily reduces some risks of an ongoing pregnancy, such as development of preeclampsia, oligohydramnios, macrosomia, or intrauterine fetal demise at a later gestational age. Randomized, controlled trials have compared the rates of cesarean delivery between women with induction of labor and those with expectant management of pregnancy, and have generally concluded that the cesarean rate was unchanged or lower among the induced group (8, 9). However, the commonly held dogma regarding induction of labor is that it increases the risk for cesarean delivery (10), which in turn is associated with a host of maternal complications. In addition, a cesarean delivery in the current pregnancy increases both maternal and neonatal risks in future pregnancies (11, 12). One critical aspect of the existing literature is the control group used for comparison with elective induction of labor. For a pregnant woman at a particular gestational age, the choices are to expectantly manage the pregnancy (no intervention) or to intervene with an induction of labor. Expectant management of the pregnancy allows the pregnancy to progress to a future gestational age. Thus, the woman undergoing expectant management may go into spontaneous labor, or she may require a medically indicated induction of labor at a future gestation because of developing preeclampsia, nonreassuring results on antenatal testing, or postterm pregnancy (8). One methodological problem with many studies of induction of labor, particularly observational studies, is that women in spontaneous labor are used as a control group. This is not a realistic comparison because women and their providers actually face the choice between induction of labor and expectant management, not spontaneous labor (13). Thus, in studies evaluating the risks and benefits of elective induction of labor, women undergoing elective induction of labor should be compared with women having expectant management of the pregnancy rather than women undergoing spontaneous labor. The effect of elective induction of labor on the frequency of cesarean delivery is a critical uncertainty. An understanding of the effect of induction of labor on cesarean delivery would help clinicians and policymakers determine the benefits and harms, and thus define a reasonable role for elective induction of labor in current obstetric practice. In this review, we evaluated the published evidence on the maternal and neonatal risks of elective induction relative to expectant management of pregnancy. We also evaluated the evidence comparing elective induction of labor with spontaneous labor to demonstrate the reasons for the currently held opinion about the effect of elective induction of labor on cesarean delivery. Methods Data Sources and Searches We searched MEDLINE (from 1966 to February 2009), Web of Science, CINAHL, and the Cochrane Central Register of Controlled Trials (up to March 2009) to identify all English-language studies on elective induction of labor in humans. We also manually reviewed the reference lists of included articles and bibliographies of systematic reviews to identify additional relevant articles. The Appendix, presents the details of our search strategy. Study Selection We sought studies that reported maternal and neonatal outcomes for women who had induction of labor without a specific indication during the term period of pregnancy, at or after 37 weeks and before 42 weeks of gestation; beyond 42 weeks is defined as a postterm pregnancy by the American College of Obstetricians and Gynecologists and is a medical indication for induction of labor. We included studies on elective induction of labor only if the article reported mode of delivery (that is, cesarean, spontaneous vaginal, or operative vaginal deliveries) or maternal or fetal and neonatal outcomes. We excluded articles that only compared different methods of induction of labor. We included duplicate articles of the same study only once in our analyses. We included only articles published from 1966 and beyond to represent modern obstetric practice. Study Design We included randomized, controlled trials (RCTs), cohort studies, and casecontrol studies. Because most RCTs compared elective induction of labor with expectant management and most of the observational studies compared elective induction of labor with spontaneous labor, we included all 3 study designs and both types of controls but analyzed them separately. The fundamental comparison for the study was between elective induction of labor and expectant management of pregnancy. Because the comparison between elective induction of labor and spontaneous labor is commonly reported in the observational literature, we present these findings primarily to demonstrate the current state of the existing literature as well as to explore the differential findings between the RCTs and observational studies. Data Extraction and Quality Assessment Two authors independently reviewed the title and abstract of all studies retrieved from our searches to assess whether the article met inclusion criteria. They then reviewed and extracted the following information from each included study: study period, location and setting of the study, method used to achieve labor induction, study design, mode of delivery, maternal and neonatal outcomes, and quality assessment variables. When the reviewers disagreed on the data abstracted, a third reviewer abstracted the data as well to resolve the differences. The resolution was agreed upon by all 3 reviewers. Consistent with the Agency for Healthcare Research and Quality (AHRQ) draft Grading the Strength of a Body of Evidence When Comparing Medical Interventions (14), we developed specific criteria for evaluating the quality of the individual included studies and for assessing the applicability of these studies. Our quality assessments were based on the extent to which the included studies had a prospective design, compared women undergoing elective induction of labor with women being managed expectantly, treated key factors affecting cesarean delivery rates (such as maternal age, parity, body mass index, cervical stage, and gestational age) similarly in intervention and control patients, and were adequately powered to evaluate relatively rare outcomes of interest for both mothers and neonates. We summarized the results of our quality appraisal of the studies by using stacked bars, as has been done in previous systematic reviews (1517). These assessments were also summarized as good, fair, or poor ratings for each individual study. We assessed the applicability of the individual studies by evaluating the population studied, place and time the study was conducted, and methods of induction used. Individual applicability was assessed as good, fair, or poor. To grade the overall strength of evidence, we considered the quality and applicability of the individual studies, the consistency of the results across the included studies, and volume of the literature. Each outcome examined was then assigned a grade of high, moderate, low, or insufficient to represent overall quality. Data Synthesis and Analysis We computed 2 summary effect sizes by using random-effects models for each outcome of interest reported by more than 4 studies: a summary odds ratio (OR) and a summary risk difference. We present the summary OR as the primary outcome metric in our figures and text, and we also provide the summary risk difference when applicable. The summary ORs were created such that a value greater than 1.0 means that expectant management of the pregnancy is associated with a higher risk for a particular outcome. We also conducted stratified (subgroup) analyses to evaluate the effect of the following variables on our outcomes of interest: year (1990 and earlier vs. after 1990), country (United States vs. a country other than the United States), gestational age (before or after 41 completed weeks of gestation), and setting (academic, community hospital, both, or multicenter). We defined study year as the year in which the study was started; if this was not reported, then we used the publication year for the study year. We assessed the statistical heterogeneity for all computed summary effects by calculating the Q statistic (designated Q statistic with a P value<0.05 was considered heterogeneous) and I 2 statistic (designated I 2 >50% was considered heterogeneous) (18",https://www.semanticscholar.org/paper/f518bed716091e33914720644dae26daa721893f,f518bed716091e33914720644dae26daa721893f,23077842,10.7326/0003-4819-151-4-200908180-00007,True,http://annals.org/data/journals/aim/20188/0000605-200908180-00007.pdf
A Medical Nutrition Therapy Program Improves Perinatal Outcomes in Mexican Pregnant Women With Gestational Diabetes and Type 2 Diabetes Mellitus,"JournalArticle, ClinicalTrial",2009-08-20,"Diabetes in pregnancy is a major public health problem in Mexico. Nutrition therapy is an important component of treatment. Intensive nutrition intervention has not been implemented for Mexican pregnant women with diabetes. Its effect on different types of diabetes mellitus has not been studied. Purpose The authors assessed the effect of a medical nutrition therapy (MNT) program on perinatal complications in Mexico City. Methods Quasi-experimental design with a historical control. Women were assigned to a MNT program (n = 88) and were followed up with every 2 weeks until delivery (2004-2007). The control group (n = 86) was selected from medical charts (2001-2003) and the same inclusion criteria were used. In each group, 55% of women had type 2 diabetes mellitus and 45% had gestational diabetes. The MNT program included a moderate intake of carbohydrate (40%-45% of total energy) and reduction in energy intake, capillary glucose self-monitoring, and education. The control group received usual hospital routine care. Statistical analysis included descriptive statistics, chi-square, and multivariate logistic regression (OR, 95% CI) as indicated. Results Women in the MNT program had a lower risk of preeclampsia, fewer maternal hospitalization, and neonatal deaths in both types of diabetes. Low birth weight was less frequent only in women with gestational diabetes receiving MNT, while neonatal intensive care unit admissions were lower only in women with type 2 diabetes. Conclusions An intensive MNT program, including counseling, education, and capillary glucose self-monitoring, has a positive effect over preeclampsia, maternal hospitalization, and neonatal death in women with diabetes in pregnancy. MNT guidelines should be implemented in Mexican health care facilities treating diabetes in pregnancy.",https://www.semanticscholar.org/paper/fa5f84563e864ec162e5c62ce89360d91793b31c,fa5f84563e864ec162e5c62ce89360d91793b31c,3725230,10.1177/0145721709343125,False,N/A
